thresholds	specificity	sensitivity	ppv
-1.0823125	0.957627118644068	0.955752212389381	0.955752212389381
