sample	n	total	mean	median	min	max
control_mean	4261	1558371.60609793	365.729079112397	325.193892306712	27.4191329688964	3529.73986215839
X921.D28A	4261	1239736.24298755	290.949599386893	260.143591377061	19.9917313482099	3134.6106166877
X921.D28B	4261	1241611.27927824	291.389645453707	258.258410841686	6.16763579159374	3299.84334401251
X921.D28C	4261	1231900.62518862	289.110684155978	258.551525477411	9.99618359660771	3271.53759461638
X921.D42A	4261	1218239.56494457	285.904615100814	249.150785512765	10.4266503396578	3213.87089994814
X921.D42B	4261	1210534.77872879	284.096404301522	247.597097894038	6.65271511974016	3206.95271679568
X921.D42C	4261	1209873.31994075	283.941168725827	247.782099698292	8.17679425910933	3268.16179291036
