sample	n	total	mean	median	min	max
control_mean	4335	1572418.97998913	362.72640830199	322.329585248709	27.4191329688964	3529.73986215839
X921.D28A	4335	2139463.73955897	493.532581213141	429.469093373487	10.9338006917897	5726.22314869682
X921.D28B	4335	2144935.89151129	494.794900002604	429.505476320818	2.2300806324188	6373.75343407925
X921.D28C	4335	2117652.51547331	488.501156971928	421.257741530984	2.37893526637681	6260.26248422845
X921.D42A	4335	2152065.61821296	496.43958897646	392.968462620464	2.27642046863535	6126.76608637443
X921.D42B	4335	2127647.89019147	490.806895084538	395.671360373126	2.61151383821613	6182.66207656346
X921.D42C	4335	2129298.72674591	491.18771089871	396.09183249727	2.08464784813375	6443.14693564661
