sample	max_essential	max_nonessential	max_unknown	mean_essential	mean_nonessential	mean_unknown	median_essential	median_nonessential	median_unknown	min_essential	min_nonessential	min_unknown	n_genes_essential	n_genes_nonessential	n_genes_unknown	total_genes
control_mean	1083.98926606839	1113.93020804736	3720.10122073172	362.72	287.22	402.14	337.70799847377	265.360950216973	368.497323226416	37.0624349850133	23.0478177677379	34.6450506372963	113	118	829	1060
Mel270.D28A	1235.77715761919	2134.39645358352	4869.35179696829	234.4	408.47	507.76	163.961156737962	381.575134459766	459.6435057995	3.00950088295555	11.417987654118	3.01341771628274	113	118	829	1060
Mel270.D28B	1232.80321169502	1990.31375666346	5184.56069783201	232.58	412.49	504.37	168.058794437121	373.757855384463	457.038091497954	2.34115104734848	23.3736017003412	2.33704341449518	113	118	829	1060
Mel270.D28C	1081.90790481982	1943.25197423201	6720.31276285721	227.94	413.64	507.83	166.636670274549	379.032938282717	458.124679133329	3.10056801993077	14.9139709686818	3.11053955767276	113	118	829	1060
Mel270.D35A	1340.37642378322	1840.05353667068	5578.97029904959	232.49	409.28	510.07	158.890112101214	377.447124911607	453.90355663889	3.54005139552266	15.6198905133529	4.76875385336785	113	118	829	1060
Mel270.D35B	1267.02654479209	2056.84338272402	6859.25562407039	227.24	417.2	512.01	162.005619969588	379.963707641426	457.404583708619	2.5456378957428	7.37561847832878	2.95815060830134	113	118	829	1060
Mel270.D35C	1131.42530826347	2061.30744172702	10308.064884756	216.25	421.96	510.12	152.896597976415	379.685185879928	449.358603440901	2.2708425265792	13.8065386380009	2.27214335633067	113	118	829	1060
