sample	NNMD	Essential.Glass.Delta	max_essential	max_nonessential	max_unknown	mean_essential	mean_nonessential	mean_unknown	median_essential	median_nonessential	median_unknown	min_essential	min_nonessential	min_unknown	n_genes_essential	n_genes_nonessential	n_genes_unknown	total_genes
Mel270.D28A	-8.178	1.177	0.424743160006233	0.971811347299445	2.38313987322447	-1.27	0.43	0.17	-1.20958134885187	0.439506916279587	0.339775277354507	-3.69168484876984	-0.185227404030591	-3.31666995217384	113	118	829	1060
Mel270.D28B	-7.989	1.172	0.338922189915854	0.85027849293494	2.39980027403838	-1.31	0.43	0.16	-1.28065153960824	0.441988621996584	0.332023225008484	-3.11410974180487	-0.217145995996834	-2.78541157487961	113	118	829	1060
Mel270.D28C	-9.253	1.161	0.375387875673622	0.885789814851304	2.35313229561722	-1.34	0.45	0.16	-1.30928307679025	0.455027191094163	0.341237551375618	-3.56442548711072	-0.28082077956753	-3.16241280016925	113	118	829	1060
Mel270.D35A	-7.071	1.288	0.370772649560894	1.06120319986349	2.79257098288695	-1.35	0.4	0.13	-1.33826970734785	0.401356064015802	0.326454091483826	-3.54914256947024	-0.353023080203487	-3.3826763298581	113	118	829	1060
Mel270.D35B	-6.994	1.268	0.384173225981261	1.00811149498082	2.93471695876631	-1.43	0.42	0.15	-1.33757205515253	0.435101732574914	0.348314238907543	-3.31483035672187	-0.376585083110762	-3.05627270318706	113	118	829	1060
Mel270.D35C	-9.006	1.340	0.217411728701521	0.930184414152817	2.6889478348656	-1.52	0.45	0.11	-1.4647051916618	0.451665430159386	0.31134035747968	-4.070091351351	-0.426824161870612	-3.46351449922458	113	118	829	1060
