sample	n	total	mean	median	min	max
control_mean	8592	3309583.6496989	385.193627758252	354.234655819272	23.0478177677379	3720.10122073172
Mel270.D28A	8592	4020551.15028754	467.941241886353	423.476172737585	3.00950088295555	4869.35179696829
Mel270.D28B	8592	3999906.98637232	465.538522622477	419.038714804756	2.33704341449518	5184.56069783201
Mel270.D28C	8592	4020147.41115769	467.894251764163	424.148717001945	3.10056801993077	6720.31276285721
Mel270.D35A	8592	4035165.60625436	469.642179498878	417.514128107806	3.54005139552266	5578.97029904959
Mel270.D35B	8592	4051010.79307301	471.486358597883	420.825840883523	2.5456378957428	6859.25562407039
Mel270.D35C	8592	4032892.64300302	469.377635358824	412.846904498727	2.2708425265792	10308.064884756
