sample	max_essential	max_nonessential	max_unknown	mean_essential	mean_nonessential	mean_unknown	median_essential	median_nonessential	median_unknown	min_essential	min_nonessential	min_unknown	n_genes_essential	n_genes_nonessential	n_genes_unknown	total_genes
control_mean	1384.58579630835	1692.39890823246	3529.73986215839	340.15	285.06	372.79	289.295674898748	242.778185333443	316.205445936226	27.5377246684356	25.5414381820316	23.9696468843586	113	118	829	1060
OMM23.D28A	1211.73628834506	2632.19439059892	5964.00413161849	152.49	418.4	483.74	86.7786417931334	343.660459866274	406.099837504687	2.31517223987288	14.6586556980246	2.32309198505923	113	118	829	1060
OMM23.D28B	1107.79308851566	2332.08193758035	5170.89253773137	154.2	420.9	488.68	91.791759011005	373.045021920175	424.692946662654	2.74318979178479	9.06060111256176	2.74970382126691	113	118	829	1060
OMM23.D28C	1333.3741669295	2772.8405967401	5439.02918433737	156.03	412.54	485.15	89.0714771293487	338.462818183932	407.04356640884	2.51960578833018	5.72349255236435	2.52636325785768	113	118	829	1060
OMM23.D35A	1278.68448442501	2556.80669509566	6517.42000729409	146.85	427.03	493.87	83.665062546908	356.013938327065	422.465936869148	2.23812677319283	17.1036758534767	2.24677670459121	113	118	829	1060
OMM23.D35B	1312.06064792287	2610.11543555412	5255.87371699765	146.22	432.69	492.94	82.3716868161723	360.734402943908	407.560422970342	2.04230914440327	3.91281881189738	2.04435946496032	113	118	829	1060
OMM23.D35C	1468.28609457219	3117.78535098653	5334.10340625741	147.78	422.61	490.01	83.5526096476744	341.416822217353	398.542857461335	2.36710033960604	6.04285383859142	2.37545761575474	113	118	829	1060
