sample	NNMD	Essential.Glass.Delta	max_essential	max_nonessential	max_unknown	mean_essential	mean_nonessential	mean_unknown	median_essential	median_nonessential	median_unknown	min_essential	min_nonessential	min_unknown	n_genes_essential	n_genes_nonessential	n_genes_unknown	total_genes
OMM23.D28A	-15.042	1.660	0.16497889012898	0.792239707570891	1.5893137749503	-1.95	0.5	0.22	-1.92437197829761	0.535459469539393	0.419804966583369	-4.19079060748931	-0.222870170530481	-3.48534237767307	113	118	829	1060
OMM23.D28B	-12.065	1.487	0.22721608836702	0.995814422055285	1.84023348888237	-1.82	0.57	0.28	-1.79382569770914	0.60237579971682	0.48423722358065	-3.83909048717667	-0.137893606625574	-3.17908443117511	113	118	829	1060
OMM23.D28C	-14.323	1.643	0.349420093172109	0.782882603917324	1.60087002885004	-1.85	0.49	0.23	-1.87065110687972	0.503815966651326	0.430043740557037	-3.7807273753584	-0.0340394880576031	-3.52670149304842	113	118	829	1060
OMM23.D35A	-13.379	1.654	0.332285611628034	0.971459606426443	1.84569960061721	-2.1	0.55	0.24	-2.1288447320288	0.554521268272291	0.461471863476931	-4.42416632798133	-0.0425132915674058	-3.05817367299979	113	118	829	1060
OMM23.D35B	-11.124	1.629	0.215364927514275	1.00573975017948	2.09404847864446	-2.04	0.54	0.21	-2.07359955934293	0.57670072336795	0.451430068735391	-4.61191436853932	-0.25504814012331	-3.11431451437243	113	118	829	1060
OMM23.D35C	-12.823	1.721	0.266832648000659	0.878593623360903	1.94938393144628	-2	0.48	0.19	-1.979515078035	0.48493982862021	0.41895970652444	-4.14839245044809	-0.20456094148018	-3.67046610845788	113	118	829	1060
