sample	n	total	mean	median	min	max
control_mean	8592	3089523.99090013	359.58147007683	304.507213991716	23.9696468843586	3529.73986215839
OMM23.D28A	8592	3794324.47703454	441.611321815007	369.028813732647	2.31517223987288	5964.00413161849
OMM23.D28B	8592	3831489.68938012	445.936881911094	387.839466835731	2.74318979178479	5170.89253773137
OMM23.D28C	8592	3801411.60366154	442.436173610515	366.319393215709	2.51960578833018	5439.02918433737
OMM23.D35A	8592	3865627.95215325	449.910143407035	383.842106671357	2.23812677319283	6517.42000729409
OMM23.D35B	8592	3864210.30499937	449.745147229908	369.281402016405	2.04230914440327	5255.87371699765
OMM23.D35C	8592	3836271.34609955	446.493406203393	360.316792824151	2.36710033960604	5334.10340625741
