thresholds	specificity	sensitivity	ppv
-0.92865625	0.957627118644068	0.955752212389381	0.955752212389381
