thresholds	specificity	sensitivity	ppv
0.111916666666667	0.966101694915254	0.68141592920354	0.950617283950617
