sample	total_counts	total_sgrnas	zero_sgrnas	pct_zero_sgrnas	low_sgrnas	pct_low_sgrnas	gini_index
control_mean	1572418.97998913	4335	0	0	3	0.07	0.06
X921.D28A	1239056.12310029	4335	0	0	11	0.25	0.06
X921.D28B	1241539.16594403	4335	0	0	14	0.32	0.06
X921.D28C	1232010.00383506	4335	0	0	14	0.32	0.06
X921.D42A	1197492.10325036	4335	0	0	24	0.55	0.07
X921.D42B	1191316.62584637	4335	0	0	14	0.32	0.07
X921.D42C	1189557.39308984	4335	0	0	23	0.53	0.07
