sample	NNMD	Essential.Glass.Delta	max_essential	max_nonessential	max_unknown	mean_essential	mean_nonessential	mean_unknown	median_essential	median_nonessential	median_unknown	min_essential	min_nonessential	min_unknown	n_genes_essential	n_genes_nonessential	n_genes_unknown	total_genes
OMM25.D28A	-13.950	3.309	-0.276095780535456	-0.00596949864766052	0	-1.03	-0.11	-0.22	-1.02802423442779	-0.0936742523098048	-0.143095592356112	-1.73735536883943	-0.344553278675822	-1.84333816407106	113	118	829	1060
OMM25.D28B	-15.896	3.254	-0.26002932135963	0	0	-1.04	-0.1	-0.22	-1.00524985543281	-0.0888250585381982	-0.132898905507897	-1.95022683696804	-0.297560805769775	-1.49602785651324	113	118	829	1060
OMM25.D28C	-17.558	3.145	-0.241965294653283	-0.00455832620525264	0	-1	-0.09	-0.21	-1.01708958918642	-0.0884336917323723	-0.122038736092518	-2.00372707266258	-0.240627533267393	-1.76295336513979	113	118	829	1060
OMM25.D42A	-12.428	3.649	-0.238268327623633	-0.00468188599734202	0	-1.17	-0.14	-0.27	-1.17496183735013	-0.130471033985752	-0.171686556306859	-1.97122397440888	-0.388005795709166	-2.15026981012361	113	118	829	1060
OMM25.D42B	-13.010	3.382	-0.303759964591921	-0.00457536472871256	0	-1.26	-0.14	-0.28	-1.2423629697084	-0.124731044095145	-0.179209725884514	-2.29942002741421	-0.467086935707795	-1.78906186740266	113	118	829	1060
OMM25.D42C	-13.821	3.548	-0.329371882486725	-0.0143034792210493	0	-1.24	-0.15	-0.28	-1.22081940025791	-0.132937641194859	-0.17600556389932	-2.18289609505166	-0.386623649232221	-2.14352947685881	113	118	829	1060
