sample	max_essential	max_nonessential	max_unknown	mean_essential	mean_nonessential	mean_unknown	median_essential	median_nonessential	median_unknown	min_essential	min_nonessential	min_unknown	n_genes_essential	n_genes_nonessential	n_genes_unknown	total_genes
control_mean	1083.98926606839	1113.93020804736	3720.10122073172	362.72	287.22	402.14	337.70799847377	265.360950216973	368.497323226416	37.0624349850133	23.0478177677379	34.6450506372963	113	118	829	1060
OMM25.D28A	700.535285839981	1113.93020804736	3720.10122073172	201.43	270.3	354.99	173.793314319803	247.021267571149	325.829440902229	15.5086119938797	23.0478177677379	17.9078644980134	113	118	829	1060
OMM25.D28B	716.236870940038	1113.93020804736	3631.17363778257	199.9	271.26	356.38	173.060345663964	250.629690191482	327.455894014822	16.8429861328939	23.0478177677379	23.2550726807029	113	118	829	1060
OMM25.D28C	764.244251635499	1113.93020804736	3620.10354104251	202.35	272.72	359.3	176.295311326181	254.133630393994	329.964828986319	15.9641619033063	22.0077062933325	11.889345447346	113	118	829	1060
OMM25.D42A	692.702351172125	1113.93020804736	3720.10122073172	185.84	265.97	347.26	161.755529027201	244.693866324567	318.150706779291	11.4739776621786	23.0478177677379	14.0480051709855	113	118	829	1060
OMM25.D42B	769.994008936357	1113.93020804736	3586.87614184906	178.01	266.26	346.33	157.772925040676	244.604034058314	316.386349110111	10.3269058813904	16.1683516179911	16.8655820160364	113	118	829	1060
OMM25.D42C	791.385210869606	1113.93020804736	3644.3872319298	179.12	265.64	347.23	154.752826266472	245.822746434488	319.121594988768	12.5485379085159	18.9231532247174	12.3089565557239	113	118	829	1060
