sample	max_essential	max_nonessential	max_unknown	mean_essential	mean_nonessential	mean_unknown	median_essential	median_nonessential	median_unknown	min_essential	min_nonessential	min_unknown	n_genes_essential	n_genes_nonessential	n_genes_unknown	total_genes
control_mean	1020.93871358102	896.571281666169	3720.10122073172	357.12	288.57	400.05	338.093541047262	269.911296797664	368.611353066256	51.049340481628	41.327379674078	35.6088344543756	113	118	828	1059
MP46.D28A	2043.64172188265	2845.22626451841	4708.42926809428	335.02	408.5	462.95	279.612735761116	310.9353783528	380.041125541133	4.34890269220386	22.6043221960522	2.08687387629193	113	118	828	1059
MP46.D28B	1566.94824637554	1776.02463937733	4686.50599143424	342.21	380.03	465.24	276.050287035851	309.723337363009	388.25422310599	9.62931428411501	12.3358967665209	9.9364007996854	113	118	828	1059
MP46.D28C	1635.70757763196	1809.14913434247	3868.07334968924	346.68	371.98	465.49	279.91742056984	308.117934484007	376.175073672347	6.68635106400384	2.55061766134185	2.24019912673577	113	118	828	1059
MP46.D64A	9376.60013437223	24964.3486507963	69388.1664936937	376.03	548.78	515.48	88.4030439286897	111.734129499453	154.828676771623	1.983768132367	1.97701714964464	1.97038032371911	113	118	828	1059
MP46.D64B	9277.62738753248	20766.2042455932	68107.5098362158	358.29	412.36	523.96	103.028529053925	115.690125854255	155.991664392683	2.08876256465492	2.08023080154147	2.07299242494724	113	118	828	1059
MP46.D64C	9433.68862005446	23133.0730146599	23053.5293900949	315.03	389.47	491.68	92.1474645439236	107.638019301822	146.606079702388	1.96481262380404	1.96051680624005	1.94685229451215	113	118	828	1059
