sample	NNMD	Essential.Glass.Delta	max_essential	max_nonessential	max_unknown	mean_essential	mean_nonessential	mean_unknown	median_essential	median_nonessential	median_unknown	min_essential	min_nonessential	min_unknown	n_genes_essential	n_genes_nonessential	n_genes_unknown	total_genes
MP46.D28A	-1.168	0.429	1.17970173076726	1.15267555617611	1.34513641804558	-0.41	0.18	-0.04	-0.354454286181241	0.216649321356578	-0.0123743835306088	-1.79890482645747	-1.17897086584945	-1.81999509759223	113	118	828	1059
MP46.D28B	-1.040	0.500	1.0166987381021	1.21824406680475	1.21663944250359	-0.37	0.12	-0.01	-0.303210207808159	0.164421462449511	-0.00741168961488383	-1.75603878386093	-1.16455804299521	-2.71729311530227	113	118	828	1059
MP46.D28C	-0.977	0.671	0.657257319776619	1.25971727643538	1.26212870885407	-0.4	0.07	-0.06	-0.394210178089558	0.0769224747628696	-0.0569747775591978	-1.43572896474904	-1.34735517130597	-2.06277546925424	113	118	828	1059
MP46.D64A	-0.494	2.489	1.63018749037709	1.78637331942887	2.50127281411137	-1.88	-1.29	-1.29	-1.81001437718969	-1.21485922971042	-1.31574343762914	-5.10439136689001	-4.23205427621963	-5.01101933684929	113	118	828	1059
MP46.D64B	-0.409	2.818	1.14243916649631	1.51774732442337	2.4751169108212	-1.77	-1.29	-1.3	-1.78619454190939	-1.30421520325927	-1.27315291953908	-5.96015221739039	-4.7019738346684	-6.03987294127505	113	118	828	1059
MP46.D64C	-0.510	3.268	-0.0482149407835894	1.58428871202901	1.87399147112116	-1.96	-1.39	-1.37	-1.95531947130648	-1.34944229266336	-1.3597242404595	-4.93040070381061	-3.55864314083033	-4.71034041281795	113	118	828	1059
