sample	n	total	mean	median	min	max
control_mean	4261	1631919.8435102	382.989871746117	355.110494236746	35.6088344543756	3720.10122073172
MP46.D28A	4261	1888780.14644144	443.271566871965	359.371626672392	2.08687387629193	4708.42926809428
MP46.D28B	4261	1886036.88512363	442.627759944526	364.997534504388	9.62931428411501	4686.50599143424
MP46.D28C	4261	1885041.40944338	442.394135048903	359.685780681469	2.24019912673577	3868.07334968924
MP46.D64A	4261	2149335.67398621	504.420482043231	145.274402330428	1.97038032371911	69388.1664936937
MP46.D64B	4261	2104378.04349719	493.869524406757	144.870484866835	2.07299242494724	68107.5098362158
MP46.D64C	4261	1966345.72703049	461.475176491548	135.839644103878	1.94685229451215	23133.0730146599
