thresholds	specificity	sensitivity	ppv
0.220020833333333	0.991525423728814	0.20353982300885	0.958333333333333
