sample	total_counts	total_sgrnas	zero_sgrnas	pct_zero_sgrnas	low_sgrnas	pct_low_sgrnas	gini_index
control_mean	3089523.99090013	8592	0	0	7	0.08	0.06
OMM23.D28A	2601944.03250773	8592	0	0	36	0.42	0.07
OMM23.D28B	2610146.10562068	8592	0	0	27	0.31	0.06
OMM23.D28C	2607323.02467435	8592	0	0	34	0.4	0.07
OMM23.D35A	2603200.80531316	8592	0	0	42	0.49	0.07
OMM23.D35B	2606190.02519723	8592	0	0	48	0.56	0.07
OMM23.D35C	2601386.80711515	8592	0	0	43	0.5	0.07
