sample	total_counts	total_sgrnas	zero_sgrnas	pct_zero_sgrnas	low_sgrnas	pct_low_sgrnas	gini_index
control_mean	3089523.99090013	8592	0	0	7	0.08	0.06
MP38.D28A	2687295.22661017	8592	0	0	19	0.22	0.06
MP38.D28B	2670932.01043672	8592	0	0	25	0.29	0.06
MP38.D28C	2677511.32464835	8592	0	0	25	0.29	0.06
MP38.D65A	2580551.41691336	8592	0	0	144	1.68	0.08
MP38.D65B	2593005.95718307	8592	0	0	165	1.92	0.08
MP38.D65C	2620742.14295936	8592	0	0	162	1.89	0.08
