sample	NNMD	Essential.Glass.Delta	max_essential	max_nonessential	max_unknown	mean_essential	mean_nonessential	mean_unknown	median_essential	median_nonessential	median_unknown	min_essential	min_nonessential	min_unknown	n_genes_essential	n_genes_nonessential	n_genes_unknown	total_genes
OMM23.D28A	-8.252	0.762	0.673136652533156	1.05787263974881	1.19568752177257	-1.21	0.52	0.31	-1.22711597998055	0.535433656086292	0.451380371385999	-3.96536310685854	-0.306260291183753	-3.94651910350175	113	118	828	1059
OMM23.D28B	-7.678	0.718	0.80604607451065	1.12034070237495	1.50553603501589	-1.15	0.54	0.35	-1.20679254309351	0.548093254406947	0.457147737020329	-3.54745837579892	-0.040264186507814	-2.53492674213915	113	118	828	1059
OMM23.D28C	-7.522	0.773	0.809478946930261	0.92114519852108	1.34491285559032	-1.14	0.48	0.33	-1.13579741519034	0.500464745930324	0.449987098079883	-3.41872949118261	-0.247867937426966	-3.38209184512472	113	118	828	1059
OMM23.D35A	-7.725	0.902	1.01903498249097	1.11369417291411	1.29220797890838	-1.38	0.5	0.32	-1.37524459677338	0.516884253157249	0.454112911444485	-3.72354882162545	-0.256380675664542	-3.66625597566445	113	118	828	1059
OMM23.D35B	-7.117	0.875	0.537177535741036	1.08794437144797	1.76358431804569	-1.33	0.53	0.31	-1.29885600827022	0.568605355158031	0.453641443371834	-4.14173913624541	-0.0591897397768772	-2.53244220035926	113	118	828	1059
OMM23.D35C	-7.114	0.846	0.834467862887687	1.0155075965758	1.59620287013659	-1.25	0.48	0.31	-1.24361865030313	0.46907046435646	0.462993163435436	-3.92995005054135	-0.122877820944765	-3.34112735174664	113	118	828	1059
