sample	n	total	mean	median	min	max
control_mean	4261	1558371.60609793	365.729079112397	325.193892306712	27.4191329688964	3529.73986215839
OMM23.D28A	4261	1977844.21774348	464.173719254512	408.289107802347	2.31517223987288	5964.00413161849
OMM23.D28B	4261	1963721.40066777	460.859282015436	413.760770577182	3.19426314870437	5170.89253773137
OMM23.D28C	4261	1986793.80637725	466.274068617051	403.85688983914	2.52119686429554	5439.02918433737
OMM23.D35A	4261	1980417.69485105	464.77768008708	410.167608087794	2.23812677319283	6517.42000729409
OMM23.D35B	4261	1999235.30946205	469.193923835263	406.676578490149	2.04435946496032	5255.87371699765
OMM23.D35C	4261	2013240.02706771	472.480644700237	399.136206343465	2.36710033960604	5334.10340625741
