sample	total_counts	total_sgrnas	zero_sgrnas	pct_zero_sgrnas	low_sgrnas	pct_low_sgrnas	gini_index
control_mean	1572418.97998913	4335	0	0	3	0.07	0.06
MP41.D28A	1301136.85870284	4335	0	0	7	0.16	0.06
MP41.D28B	1287505.74099326	4335	0	0	14	0.32	0.06
MP41.D28C	1308338.58942107	4335	0	0	16	0.37	0.06
MP41.D32A	1302931.35551653	4335	0	0	10	0.23	0.06
MP41.D32B	1295071.00009055	4335	0	0	13	0.3	0.06
MP41.D32C	1305433.38056921	4335	0	0	15	0.35	0.06
