thresholds	specificity	sensitivity	ppv
-0.738541666666666	0.957627118644068	0.911504424778761	0.953703703703704
