sample	max_essential	max_nonessential	max_unknown	mean_essential	mean_nonessential	mean_unknown	median_essential	median_nonessential	median_unknown	min_essential	min_nonessential	min_unknown	n_genes_essential	n_genes_nonessential	n_genes_unknown	total_genes
control_mean	1384.58579630835	1692.39890823246	3529.73986215839	340.15	285.06	372.79	289.295674898748	242.778185333443	316.205445936226	27.5377246684356	25.5414381820316	23.9696468843586	113	118	829	1060
MP38.D28A	1074.35537206772	2046.7767405047	6242.71625985703	212.13	388.5	488.7	147.720844554132	334.644106049201	420.621853170631	2.36716985850193	9.29236251273029	2.73853948461336	113	118	829	1060
MP38.D28B	1117.43091893297	2089.47170650785	6531.80668625237	208.11	386.39	481.68	138.927226678725	331.429160732929	408.91802744597	2.41599094981569	11.4837769655693	4.73023763509883	113	118	829	1060
MP38.D28C	1261.30816163916	1937.19350743651	6346.21431652939	208.1	385.75	486.48	148.235362637159	337.77370871819	421.906219949313	2.48045000588665	19.6370860583697	2.48193524626978	113	118	829	1060
MP38.D65A	3562.05061553817	9970.79470983207	95790.5105992179	142.39	452.43	541.86	42.534386059919	319.554530971852	373.419432201439	2.58716800325025	3.3796737544679	2.59025680453223	113	118	829	1060
MP38.D65B	3209.11752620714	7696.99240645285	9982.11088624459	138.95	464.04	538.1	39.0418110059211	328.105025899132	393.026287401904	2.49784389843807	4.13518752116441	2.5276369918496	113	118	829	1060
MP38.D65C	3679.79304940984	3430.92253864815	10138.4555341727	141.61	440.76	543.98	46.164622378975	337.269429918567	401.91820924219	2.76790958953294	2.73773172271099	2.77121417689558	113	118	829	1060
