sample	NNMD	Essential.Glass.Delta	max_essential	max_nonessential	max_unknown	mean_essential	mean_nonessential	mean_unknown	median_essential	median_nonessential	median_unknown	min_essential	min_nonessential	min_unknown	n_genes_essential	n_genes_nonessential	n_genes_unknown	total_genes
MP38.D28A	-9.425	1.045	0.235865874294474	0.832399500906496	1.70650775329024	-1.15	0.43	0.31	-1.03143129551046	0.434768856884787	0.447091588238852	-3.14598689316569	-0.18447353315734	-2.62782328981273	113	118	829	1060
MP38.D28B	-10.239	1.151	0.210763522062707	0.770783763232873	1.6883673876494	-1.22	0.41	0.27	-1.23993234758729	0.422004725176831	0.416757358620155	-2.93291216455536	-0.106562232489407	-2.86078286946847	113	118	829	1060
MP38.D28C	-9.468	1.065	0.495625701672172	0.831158436241992	1.64087539665769	-1.23	0.44	0.31	-1.22838064442745	0.43722571986364	0.456764006465014	-3.29931829150426	-0.0138096921729183	-2.94850804991306	113	118	829	1060
MP38.D65A	-7.908	2.266	-0.105280612673859	1.41330937594717	2.90394377596525	-2.81	0.33	-0.01	-2.8983262819392	0.301970233478899	0.315903443841688	-5.72985308628803	-0.831003513359179	-5.09210548949314	113	118	829	1060
MP38.D65B	-8.148	2.348	-0.182344983131752	1.60668574362498	3.09694873183061	-2.86	0.38	0.01	-2.96043501687127	0.390279412495047	0.362744897267321	-5.72016403481795	-0.665000081379705	-5.08938966115817	113	118	829	1060
MP38.D65C	-8.319	2.173	0.436471424065847	1.16043473028331	2.9101686842493	-2.74	0.39	0.08	-2.76320915179751	0.409011123969699	0.422341526817855	-5.45001011759844	-0.53737086321609	-5.40759229611456	113	118	829	1060
