sample	n	total	mean	median	min	max
control_mean	8592	3089523.99090013	359.58147007683	304.507213991716	23.9696468843586	3529.73986215839
MP38.D28A	8592	3852981.02946996	448.438201753952	381.516840902814	2.36716985850193	6242.71625985703
MP38.D28B	8592	3800118.26308009	442.28564514433	372.827948368693	2.41599094981569	6531.80668625237
MP38.D28C	8592	3831751.69225013	445.967375727436	387.014627012585	2.48045000588665	6346.21431652939
MP38.D65A	8592	4208952.34362432	489.868755077319	332.156998175211	2.58716800325025	95790.5105992179
MP38.D65B	8592	4191644.32893136	487.854321337448	345.224673813359	2.49784389843807	9982.11088624459
MP38.D65C	8592	4211344.4835802	490.147169876652	357.594490778319	2.73773172271099	10138.4555341727
