sample	max_essential	max_nonessential	max_unknown	mean_essential	mean_nonessential	mean_unknown	median_essential	median_nonessential	median_unknown	min_essential	min_nonessential	min_unknown	n_genes_essential	n_genes_nonessential	n_genes_unknown	total_genes
control_mean	1083.98926606839	1113.93020804736	3720.10122073172	362.72	287.22	402.14	337.70799847377	265.360950216973	368.497323226416	37.0624349850133	23.0478177677379	34.6450506372963	113	118	829	1060
MP46.D28A	2715.11131925671	3798.37070763495	6185.27487047017	350.11	500.74	578.85	252.16682442668	381.856287267848	461.348875717663	2.65213635434081	2.64916596238739	2.65262900271009	113	118	829	1060
MP46.D28B	2802.07545352714	4294.27033294298	6264.80395065413	364.59	474.53	592.44	260.891391860202	374.693995113401	478.958879276578	2.82976800449582	5.51535028819091	2.84309149998403	113	118	829	1060
MP46.D28C	2186.96642462899	3532.18189480408	5676.82700829593	354.95	473.73	583.34	245.771161322834	383.685358541803	461.59626207159	2.47731683420112	3.23281616277692	2.85601680491308	113	118	829	1060
MP46.D64A	12633.3891812992	34253.6777221118	95009.0855364511	351.35	590.95	618.15	73.4638383279002	126.056526549551	178.631062241808	2.4795446403129	2.48680286970244	2.47677355881053	113	118	829	1060
MP46.D64B	15245.848303	28519.772665058	110316.392652884	396.87	451.3	641.82	70.5440232442986	113.636250806151	179.106239047834	2.61016148795874	2.62038634871409	2.60480197665715	113	118	829	1060
MP46.D64C	12827.9158298671	31505.1055297763	45966.5089719199	299.54	445.3	571.54	68.9307597494226	122.917976875288	157.066650429811	2.4502708121218	2.46524039702943	2.45333084462206	113	118	829	1060
