sample	NNMD	Essential.Glass.Delta	max_essential	max_nonessential	max_unknown	mean_essential	mean_nonessential	mean_unknown	median_essential	median_nonessential	median_unknown	min_essential	min_nonessential	min_unknown	n_genes_essential	n_genes_nonessential	n_genes_unknown	total_genes
MP46.D28A	-2.847	0.160	0.324508348146093	1.34397114141918	1.93962370038236	-0.54	0.47	0.23	-0.471711826067593	0.531027735791467	0.28441947545993	-2.05782773466173	-0.687045584642452	-1.65233260757955	113	118	829	1060
MP46.D28B	-2.623	0.179	0.929945934317567	1.22682676247143	1.96640415018793	-0.52	0.42	0.28	-0.446429968836575	0.463435646408476	0.332876723755719	-1.88189207091308	-0.544724839220139	-1.55727282066592	113	118	829	1060
MP46.D28C	-2.420	0.370	0.503975822950077	1.27583805867649	2.01799844976574	-0.56	0.38	0.21	-0.501754600997051	0.421664094150862	0.25812003124533	-1.94831246604619	-0.642873412139563	-2.17375306773125	113	118	829	1060
MP46.D64A	-1.424	3.746	0.0665330932846665	1.08480720412497	3.06969390425109	-2.3	-1.09	-1.15	-2.18391333297446	-1.02142921768716	-1.10198194257036	-4.40263663063521	-4.12870304779978	-4.57888801734626	113	118	829	1060
MP46.D64B	-1.219	3.392	0.296636595423029	1.68673208920725	1.92936952405831	-2.24	-1.21	-1.15	-2.10449544469295	-1.25614862708497	-1.11279641210105	-4.74863800417939	-3.15209025832704	-4.67284616985525	113	118	829	1060
MP46.D64C	-1.434	3.808	0.00146438809171279	0.801024181127156	2.54283021238918	-2.37	-1.19	-1.31	-2.40319863653129	-1.15132910559027	-1.2800989987405	-4.35655799075002	-3.19434116149161	-4.2163659588379	113	118	829	1060
