sample	n	total	mean	median	min	max
control_mean	8592	3309583.6496989	385.193627758252	354.234655819272	23.0478177677379	3720.10122073172
MP46.D28A	8592	4691954.75614959	546.084119663593	430.239522391137	2.64916596238739	6185.27487047017
MP46.D28B	8592	4771396.95387047	555.330185506339	444.693896434673	2.82976800449582	6264.80395065413
MP46.D28C	8592	4700713.31454911	547.103504952178	431.250263487678	2.47731683420112	5676.82700829593
MP46.D64A	8592	5043946.38425331	587.051487925199	156.381444879532	2.47677355881053	95009.0855364511
MP46.D64B	8592	5110746.00940489	594.826118413046	159.482812660265	2.60480197665715	110316.392652884
MP46.D64C	8592	4543992.52147621	528.863189184847	141.88935991401	2.4502708121218	45966.5089719199
