thresholds	specificity	sensitivity	ppv
-1.11608333333333	0.957627118644068	0.955752212389381	0.955752212389381
