sample	NNMD	Essential.Glass.Delta	max_essential	max_nonessential	max_unknown	mean_essential	mean_nonessential	mean_unknown	median_essential	median_nonessential	median_unknown	min_essential	min_nonessential	min_unknown	n_genes_essential	n_genes_nonessential	n_genes_unknown	total_genes
Mel285.D28A	-9.228	2.233	0	0	0	-0.53	-0.05	-0.09	-0.536990714300962	-0.0424868730349959	-0.0290581630750125	-1.07949200002343	-0.245346403936577	-0.859618516764629	113	118	829	1060
Mel285.D28B	-7.771	2.440	0	0	0	-0.5	-0.06	-0.09	-0.502808050108078	-0.0558192624854124	-0.0308392564929133	-0.989425428535223	-0.232694126668017	-0.782960878059783	113	118	829	1060
Mel285.D28C	-9.012	2.350	0	0	0	-0.55	-0.06	-0.11	-0.556874098784738	-0.0446484897524145	-0.0502529512696873	-1.27775253476309	-0.227026715494971	-0.99784665764289	113	118	829	1060
Mel285.D49A	-3.026	10.169	-0.612564397046217	-0.288032202743783	0	-1.13	-0.66	-0.79	-1.13319536662955	-0.661722831788234	-0.772092125955844	-1.47824834761984	-1.03089979763353	-1.37344685297703	113	118	829	1060
Mel285.D49B	-2.906	15.808	-0.788386728834818	-0.435433929425552	0	-1.15	-0.81	-0.91	-1.15573281404551	-0.822400799613124	-0.91075385638026	-1.4503342985245	-1.03877598656814	-1.4398694317264	113	118	829	1060
Mel285.D49C	-2.818	11.825	-0.615834216967704	-0.454619509238315	0	-1.22	-0.8	-0.89	-1.23192042487995	-0.779359753357053	-0.884758417442232	-1.5362895683281	-1.14511545744342	-1.46898313136761	113	118	829	1060
