sample	max_essential	max_nonessential	max_unknown	mean_essential	mean_nonessential	mean_unknown	median_essential	median_nonessential	median_unknown	min_essential	min_nonessential	min_unknown	n_genes_essential	n_genes_nonessential	n_genes_unknown	total_genes
control_mean	1083.98926606839	1113.93020804736	3720.10122073172	362.72	287.22	402.14	337.70799847377	265.360950216973	368.497323226416	37.0624349850133	23.0478177677379	34.6450506372963	113	118	829	1060
Mel285.D28A	980.302530957761	1113.93020804736	3720.10122073172	267.33	280.02	384.31	229.964645873298	255.561100225941	351.017921114378	31.7556955769476	23.0478177677379	29.804484380034	113	118	829	1060
Mel285.D28B	936.095978218515	1113.93020804736	3720.10122073172	269.31	278.27	383.83	235.999875620915	255.561100225941	350.401151192899	30.7900554591603	23.0478177677379	28.8483288480894	113	118	829	1060
Mel285.D28C	975.692931680945	1113.93020804736	3720.10122073172	265.63	279.52	380.54	232.747102249596	259.064223227508	348.998756876303	26.3354232586459	20.5948728365873	30.9262856545701	113	118	829	1060
Mel285.D49A	756.492954503504	1012.21485781059	2975.31991626064	166.83	193.64	249.11	145.398912873073	161.876313426826	208.581127536033	26.070522820492	18.4029605834373	24.8140590110513	113	118	829	1060
Mel285.D49B	570.547179767248	745.318727444189	2480.63763482541	158.6	167.91	221.78	145.373651492016	142.38104795115	187.918551526335	27.6602409194702	19.525129084457	26.3271609534479	113	118	829	1060
Mel285.D49C	653.540890355817	1113.93020804736	2157.36597110242	155.74	174.21	230.59	136.468725253386	144.549057142878	190.336411526534	24.8019363423072	18.1462111258381	24.0858168703052	113	118	829	1060
