sample	n	total	mean	median	min	max
control_mean	8592	3309583.6496989	385.193627758252	354.234655819272	23.0478177677379	3720.10122073172
Mel285.D28A	8592	3096418.80552002	360.383939189946	330.475714939419	23.0478177677379	3720.10122073172
Mel285.D28B	8592	3093311.36780731	360.022272789492	328.93917572057	23.0478177677379	3720.10122073172
Mel285.D28C	8592	3069007.93507641	357.193660972581	327.561474403684	20.5948728365873	3720.10122073172
Mel285.D49A	8592	2012898.98488259	234.275952616689	193.263616823067	18.4029605834373	2975.31991626064
Mel285.D49B	8592	1796860.65281577	209.131826445039	176.449423260341	19.525129084457	2480.63763482541
Mel285.D49C	8592	1859626.8565255	216.437017752036	177.483043818989	18.1462111258381	2157.36597110242
