sample	total_counts	total_sgrnas	zero_sgrnas	pct_zero_sgrnas	low_sgrnas	pct_low_sgrnas	gini_index
control_mean	1558371.60609793	4261	0	0	2	0.05	0.06
X921.D28A	1226060.82444289	4261	0	0	10	0.23	0.06
X921.D28B	1228601.94528577	4261	0	0	13	0.31	0.06
X921.D28C	1219079.12031651	4261	0	0	13	0.31	0.06
X921.D42A	1184848.53842112	4261	0	0	23	0.54	0.06
X921.D42B	1178574.72148908	4261	0	0	13	0.31	0.06
X921.D42C	1176827.87032874	4261	0	0	22	0.52	0.07
