sample	n	total	mean	median	min	max
OMM1.D28A	1059	-269.769779442513	-0.25474011278802	-0.152228960390719	-1.90602556274508	0.38151935152556
OMM1.D28B	1059	-241.954837897139	-0.228474823321189	-0.127881833602237	-1.59018973045913	0.280204156440477
OMM1.D28C	1059	-243.54528586325	-0.229976662760387	-0.127760515187118	-1.68431581064893	0.279674044695363
OMM1.D35A	1059	-302.980952673303	-0.286100994025781	-0.173650722138078	-2.02980167536554	0.46774908355736
OMM1.D35B	1059	-270.907497386643	-0.255814445124309	-0.139080984988328	-1.85444732413608	0.354836908570103
OMM1.D35C	1059	-267.406044977156	-0.252508068911384	-0.138170900323436	-1.91310180954676	0.34243445760951
