thresholds	specificity	sensitivity	ppv
0.224979166666667	1	0.0973451327433628	1
