sample	NNMD	Essential.Glass.Delta	max_essential	max_nonessential	max_unknown	mean_essential	mean_nonessential	mean_unknown	median_essential	median_nonessential	median_unknown	min_essential	min_nonessential	min_unknown	n_genes_essential	n_genes_nonessential	n_genes_unknown	total_genes
MP41.D28A	-9.578	3.879	-0.242408333595828	-0.0338524958662091	-0.00598357798872297	-1.05	-0.23	-0.32	-1.04707280596703	-0.21168230844098	-0.255428146422955	-2.01764039048855	-0.521323629880436	-1.90298376740911	113	118	829	1060
MP41.D28B	-10.043	3.750	-0.231309168889409	-0.0657380429806521	-0.0162422021192527	-1.08	-0.23	-0.33	-1.07166256237513	-0.228359251114781	-0.254896812495057	-1.98673927380738	-0.522367052453267	-1.7053134008063	113	118	829	1060
MP41.D28C	-10.386	3.974	-0.345483389206962	-0.0708628427851626	0	-1.11	-0.25	-0.35	-1.09085747243049	-0.245950064184435	-0.274612678622945	-1.94546173004117	-0.474131842185036	-1.64574425415595	113	118	829	1060
MP41.D32A	-9.439	3.901	-0.263709463750336	-0.0658022915583863	-0.00492771690184291	-1.14	-0.24	-0.35	-1.13878517395084	-0.221933131179688	-0.269001393715208	-2.06235296087776	-0.568197861635078	-2.06124501067594	113	118	829	1060
MP41.D32B	-10.279	3.607	-0.212532521035828	-0.055181311854966	-0.0143771047610333	-1.15	-0.23	-0.34	-1.1448250330286	-0.22465367031059	-0.257255816680622	-2.22990128695272	-0.475402448078223	-1.80605620373157	113	118	829	1060
MP41.D32C	-9.886	3.781	-0.387047643843416	-0.0599071582838178	0	-1.16	-0.25	-0.35	-1.10898186517984	-0.243400848926509	-0.26969594682123	-2.04331922914373	-0.543850793136011	-1.9030786858813	113	118	829	1060
