sample	max_essential	max_nonessential	max_unknown	mean_essential	mean_nonessential	mean_unknown	median_essential	median_nonessential	median_unknown	min_essential	min_nonessential	min_unknown	n_genes_essential	n_genes_nonessential	n_genes_unknown	total_genes
control_mean	1384.58579630835	1692.39890823246	3529.73986215839	340.15	285.06	372.79	289.295674898748	242.778185333443	316.205445936226	27.5377246684356	25.5414381820316	23.9696468843586	113	118	829	1060
MP41.D28A	671.432330533079	1666.55698396725	3174.91448805462	178.13	243.72	302.22	147.580793510265	207.98375523377	259.395630860242	12.6300142183787	25.5414381820316	12.7372105856043	113	118	829	1060
MP41.D28B	712.913651395653	1479.77551663172	2986.97428145693	177.15	243.16	302.03	146.004502188446	212.291363040713	258.802254794119	11.9877609517151	19.4096301032296	16.2805895649168	113	118	829	1060
MP41.D28C	865.907572360334	1413.87080934482	3175.15321296049	175.26	241.96	300.61	136.228827698285	204.841110241344	255.744937415992	12.0704813016078	13.0406965447572	12.4574946381788	113	118	829	1060
MP41.D32A	661.201292377302	1692.39890823246	3277.57205372116	171.41	243.14	300.08	138.299650001559	209.010165932543	256.646778409474	11.6846973897056	18.8878562271952	10.0892892393467	113	118	829	1060
MP41.D32B	724.066236515862	1528.4281594527	3206.18334007002	172.23	243.45	300.7	140.855476689043	209.049899107927	258.216464941986	12.540592343974	12.7820495782067	13.1606554880343	113	118	829	1060
MP41.D32C	847.418381923074	1361.27096363012	3169.10870865994	170.01	241.84	299.69	134.837957519605	208.845579146341	256.80586022066	11.9906224496625	14.2141358584733	12.6978612160634	113	118	829	1060
