sample	n	total	mean	median	min	max
control_mean	8592	3089523.99090013	359.58147007683	304.507213991716	23.9696468843586	3529.73986215839
MP41.D28A	8592	2428512.11678523	282.648058285059	241.954408551489	12.6300142183787	3174.91448805462
MP41.D28B	8592	2425802.74075275	282.332721223551	242.268324306891	11.9877609517151	2986.97428145693
MP41.D28C	8592	2413384.59772823	280.887406625725	236.83343355434	12.0704813016078	3175.15321296049
MP41.D32A	8592	2407464.72779439	280.198408728398	237.67829727667	10.0892892393467	3277.57205372116
MP41.D32B	8592	2412692.53340564	280.806859102146	240.063544009654	12.540592343974	3206.18334007002
MP41.D32C	8592	2402349.41050785	279.603050571212	238.624992469996	11.9906224496625	3169.10870865994
