sample	total_counts	total_sgrnas	zero_sgrnas	pct_zero_sgrnas	low_sgrnas	pct_low_sgrnas	gini_index
control_mean	1558371.60609793	4261	0	0	2	0.05	0.06
X921.D28A	1239736.24298755	4261	0	0	9	0.21	0.06
X921.D28B	1241611.27927824	4261	0	0	11	0.26	0.06
X921.D28C	1231900.62518862	4261	0	0	11	0.26	0.06
X921.D42A	1218239.56494457	4261	0	0	22	0.52	0.06
X921.D42B	1210534.77872879	4261	0	0	12	0.28	0.06
X921.D42C	1209873.31994075	4261	0	0	20	0.47	0.07
