sample	NNMD	Essential.Glass.Delta	max_essential	max_nonessential	max_unknown	mean_essential	mean_nonessential	mean_unknown	median_essential	median_nonessential	median_unknown	min_essential	min_nonessential	min_unknown	n_genes_essential	n_genes_nonessential	n_genes_unknown	total_genes
MP41.D28A	-3.169	-0.107	1.03369101936098	1.17652350278876	1.41924727398135	-0.42	0.49	0.4	-0.375238692461486	0.488234994135288	0.447401413521507	-2.25243128884428	-0.452029746131737	-1.37764372394269	113	118	828	1059
MP41.D28B	-3.158	0.068	1.14580660227489	1.196614009792	1.23857794879476	-0.5	0.45	0.36	-0.36844840113322	0.44952751360535	0.420008338666435	-2.63568862840145	-0.554885236469698	-1.98564669172752	113	118	828	1059
MP41.D28C	-3.942	-0.033	0.788821489904177	1.14746642044997	1.79604589759773	-0.48	0.5	0.39	-0.425905111958383	0.501756063941196	0.4452383312543	-2.66134531751493	-0.309672652690774	-1.76862417478936	113	118	828	1059
MP41.D32A	-3.193	0.047	1.16887422126387	1.22333454483993	1.56311960006285	-0.52	0.49	0.39	-0.522843324324838	0.50211233863624	0.457835150948217	-2.60778946233116	-0.593460955988069	-1.59956590489762	113	118	828	1059
MP41.D32B	-3.068	0.131	1.04833497095708	1.23100087068147	1.40393280446054	-0.59	0.48	0.38	-0.410568522247129	0.503578321760803	0.442349718794861	-2.73928746338516	-0.737839986219581	-2.01924464493697	113	118	828	1059
MP41.D32C	-3.629	0.073	0.920797423726039	1.13593784981347	1.99462017301298	-0.56	0.5	0.4	-0.510696823116401	0.50392423604558	0.460538752293449	-2.85398948769115	-0.520662958505032	-2.45183704494237	113	118	828	1059
