sample	n	total	mean	median	min	max
control_mean	4261	1558371.60609793	365.729079112397	325.193892306712	27.4191329688964	3529.73986215839
MP41.D28A	4261	2034201.84459703	477.400104341008	426.130311714641	2.92152739685716	5273.89058402215
MP41.D28B	4261	1996742.1120225	468.608803572518	411.273436441489	2.37972047463773	4618.71489307996
MP41.D28C	4261	2067378.16383903	485.186144998599	422.553441932117	4.51704280852781	5274.75268607881
MP41.D32A	4261	2061330.11025324	483.766747301863	421.338962692821	2.17038911834973	5651.64791521018
MP41.D32B	4261	2039223.96884428	478.578730073758	423.215007912932	2.62476946770272	5387.45923770248
MP41.D32C	4261	2084509.72449109	489.206694318491	423.753065834851	2.30370786764929	5252.94772502078
