sample	total_counts	total_sgrnas	zero_sgrnas	pct_zero_sgrnas	low_sgrnas	pct_low_sgrnas	gini_index
control_mean	3309583.6496989	8592	0	0	1	0.01	0.04
Mel270.D28A	2713267.6784307	8592	0	0	75	0.87	0.06
Mel270.D28B	2705147.1500823	8592	0	0	83	0.97	0.06
Mel270.D28C	2712573.77196545	8592	0	0	86	1	0.06
Mel270.D35A	2702406.53038388	8592	0	0	91	1.06	0.06
Mel270.D35B	2710521.55529009	8592	0	0	110	1.28	0.06
Mel270.D35C	2699821.58126068	8592	0	0	127	1.48	0.06
