thresholds	specificity	sensitivity	ppv
-0.869416666666667	0.957627118644068	0.920353982300885	0.954128440366973
