sample	total_counts	total_sgrnas	zero_sgrnas	pct_zero_sgrnas	low_sgrnas	pct_low_sgrnas	gini_index
control_mean	1631919.8435102	4261	0	0	0	0	0.04
MP46.D28A	1888780.14644144	4261	0	0	23	0.54	0.07
MP46.D28B	1886036.88512363	4261	0	0	29	0.68	0.07
MP46.D28C	1885041.40944338	4261	0	0	49	1.15	0.08
MP46.D64A	2149335.67398621	4261	0	0	713	16.73	0.18
MP46.D64B	2104378.04349719	4261	0	0	683	16.03	0.18
MP46.D64C	1966345.72703049	4261	0	0	744	17.46	0.18
