sample	total_counts	total_sgrnas	zero_sgrnas	pct_zero_sgrnas	low_sgrnas	pct_low_sgrnas	gini_index
control_mean	3089523.99090013	8592	0	0	7	0.08	0.06
OMM1.D28A	4070265.62051818	8592	0	0	574	6.68	0.12
OMM1.D28B	4118057.99585298	8592	0	0	474	5.52	0.11
OMM1.D28C	4134218.38003357	8592	0	0	489	5.69	0.11
OMM1.D35A	4147271.7733968	8592	0	0	704	8.19	0.13
OMM1.D35B	4182235.75175376	8592	0	0	621	7.23	0.12
OMM1.D35C	4252643.907584	8592	0	0	623	7.25	0.12
