sample	total_counts	total_sgrnas	zero_sgrnas	pct_zero_sgrnas	low_sgrnas	pct_low_sgrnas	gini_index
control_mean	3089523.99090013	8592	0	0	7	0.08	0.06
OMM23.D28A	3794324.47703454	8592	0	0	295	3.43	0.09
OMM23.D28B	3831489.68938012	8592	0	0	272	3.17	0.08
OMM23.D28C	3801411.60366154	8592	0	0	268	3.12	0.09
OMM23.D35A	3865627.95215325	8592	0	0	352	4.1	0.09
OMM23.D35B	3864210.30499937	8592	0	0	322	3.75	0.09
OMM23.D35C	3836271.34609955	8592	0	0	313	3.64	0.09
