sample	n	total	mean	median	min	max
control_mean	4261	1558371.60609793	365.729079112397	325.193892306712	27.4191329688964	3529.73986215839
OMM23.D28A	4261	1341889.35878742	314.923576340629	279.282816854694	15.7621359900843	3466.60802812006
OMM23.D28B	4261	1337913.91239369	313.990591972233	280.476320414155	16.6939176835809	3287.03769152368
OMM23.D28C	4261	1346723.96701447	316.058194558664	278.746938832653	16.36709669218	3349.56706902937
OMM23.D35A	4261	1334770.91433635	313.25297215122	276.318444106246	14.1409846175941	3583.18796008705
OMM23.D35B	4261	1342073.8654338	314.966877595353	278.284703250486	15.8355109994118	3307.07096959046
OMM23.D35C	4261	1347385.66723305	316.213486794896	278.136200411728	16.4962753711019	3325.33383567139
