sample	NNMD	Essential.Glass.Delta	max_essential	max_nonessential	max_unknown	mean_essential	mean_nonessential	mean_unknown	median_essential	median_nonessential	median_unknown	min_essential	min_nonessential	min_unknown	n_genes_essential	n_genes_nonessential	n_genes_unknown	total_genes
MP38.D28A	-11.103	3.176	-0.204567262664957	-0.0216786569045796	0	-0.81	-0.15	-0.2	-0.769683516143958	-0.136952730561049	-0.130144511822518	-1.67634107553414	-0.38198295025671	-1.45613859922898	113	118	829	1060
MP38.D28B	-12.174	3.236	-0.21126265151544	-0.0366984583263861	-0.00118845452133495	-0.84	-0.15	-0.21	-0.841791689412331	-0.14205008058152	-0.14144382141588	-1.5832345782012	-0.34881639998647	-1.55519727184369	113	118	829	1060
MP38.D28C	-11.382	3.066	-0.14558727132875	-0.0288100392788413	0	-0.85	-0.14	-0.2	-0.837957909517076	-0.136645880521684	-0.129936035089938	-1.74233112479756	-0.308585687266417	-1.59535468538735	113	118	829	1060
MP38.D65A	-10.642	3.847	-0.379329878501956	-0.00875314637369617	0	-1.56	-0.25	-0.4	-1.59666131497109	-0.236376979426162	-0.237478948553124	-2.84309395982417	-0.665345504404276	-2.54236519003341	113	118	829	1060
MP38.D65B	-11.476	4.027	-0.382001488661912	-0.0339644257918535	0	-1.58	-0.24	-0.39	-1.63798965177247	-0.234991627518957	-0.220847671991231	-2.82747243220978	-0.591519153784234	-2.54683457543452	113	118	829	1060
MP38.D65C	-10.930	3.777	-0.314139153831107	-0.000305963300976897	0	-1.53	-0.23	-0.36	-1.54238114943804	-0.212844417861964	-0.204664305168342	-2.71398622707772	-0.570494010853458	-2.69432162038903	113	118	829	1060
