sample	max_essential	max_nonessential	max_unknown	mean_essential	mean_nonessential	mean_unknown	median_essential	median_nonessential	median_unknown	min_essential	min_nonessential	min_unknown	n_genes_essential	n_genes_nonessential	n_genes_unknown	total_genes
control_mean	1384.58579630835	1692.39890823246	3529.73986215839	340.15	285.06	372.79	289.295674898748	242.778185333443	316.205445936226	27.5377246684356	25.5414381820316	23.9696468843586	113	118	829	1060
MP38.D28A	854.091288417204	1489.58552301777	3529.73986215839	208.76	257.24	328.39	167.78458285195	226.419517559172	280.184853559753	13.4397046328907	13.3400615603039	12.6392947926315	113	118	829	1060
MP38.D28B	890.019856919513	1503.00625575253	3529.73986215839	206.06	257.63	327.26	165.866540935958	221.504344059239	277.542133589376	15.5996824429687	15.499760635728	15.3223773038328	113	118	829	1060
MP38.D28C	833.504068818707	1454.39721840862	3529.73986215839	204.55	256.73	327.67	166.373430497461	221.171373494607	280.911974960546	16.8342893849567	19.5681595377489	18.4782288825251	113	118	829	1060
MP38.D65A	788.525933024048	1553.89895546366	3234.10701512055	140.49	244.95	301.87	98.0076465821165	208.681438784421	253.148466379366	8.97570509735767	8.59651202567921	10.5400716384705	113	118	829	1060
MP38.D65B	827.405444629381	1692.39890823246	3529.73986215839	137.06	246.59	303.09	101.142829153736	209.00901244575	255.804837915469	7.86606492712604	10.7138290354603	10.4817416737319	113	118	829	1060
MP38.D65C	750.76636793333	1458.58208449666	3529.73986215839	142.07	248.77	306.71	105.677781815736	210.185423890542	259.186497667613	11.0229851187097	8.31364871117548	9.28021380958713	113	118	829	1060
