sample	n	total	mean	median	min	max
control_mean	8592	3089523.99090013	359.58147007683	304.507213991716	23.9696468843586	3529.73986215839
MP38.D28A	8592	2645308.81643029	307.880448839652	263.058605149086	12.6392947926315	3529.73986215839
MP38.D28B	8592	2635585.15935132	306.748738285769	261.447497940215	15.3223773038328	3529.73986215839
MP38.D28C	8592	2636146.80259515	306.814106447294	263.281900516206	16.8342893849567	3529.73986215839
MP38.D65A	8592	2393321.85756791	278.552357724385	232.35065590972	8.59651202567921	3234.10701512055
MP38.D65B	8592	2400011.46092913	279.330942845569	234.17565614208	7.86606492712604	3529.73986215839
MP38.D65C	8592	2430936.56939312	282.930233867915	238.112397756578	8.31364871117548	3529.73986215839
