sample	total_counts	total_sgrnas	zero_sgrnas	pct_zero_sgrnas	low_sgrnas	pct_low_sgrnas	gini_index
control_mean	3089523.99090013	8592	0	0	7	0.08	0.06
X921.D28A	2346688.64923209	8592	0	0	43	0.5	0.07
X921.D28B	2345299.37505979	8592	0	0	44	0.51	0.07
X921.D28C	2335943.86220485	8592	0	0	53	0.62	0.07
X921.D42A	2260295.72776051	8592	0	0	123	1.43	0.07
X921.D42B	2263743.43448734	8592	0	0	122	1.42	0.07
X921.D42C	2254228.55335378	8592	0	0	130	1.51	0.07
