sample	max_essential	max_nonessential	max_unknown	mean_essential	mean_nonessential	mean_unknown	median_essential	median_nonessential	median_unknown	min_essential	min_nonessential	min_unknown	n_genes_essential	n_genes_nonessential	n_genes_unknown	total_genes
control_mean	1051.51579554276	1174.21957846963	3529.73986215839	341.51	297.44	374.71	303.407884435933	266.259047871995	332.710720662476	33.0189334620668	32.9393229355718	27.4191329688964	113	118	829	1060
OMM23.D28A	1211.73628834506	1832.81943949455	5964.00413161849	211.14	430.67	499.2	134.755847154394	388.246413640665	439.637938875281	2.31517223987288	24.7043023423539	2.32309198505923	113	118	829	1060
OMM23.D28B	1107.79308851566	1374.15161892031	5170.89253773137	210.64	426.7	496.56	147.20905557768	387.007507862285	442.758413605888	4.10080146319704	32.1587907569385	3.19426314870437	113	118	829	1060
OMM23.D28C	1333.3741669295	1678.88532264621	5439.02918433737	217.61	425.13	502.06	143.577332671321	377.917568791463	436.912322275644	2.52119686429554	5.72349255236435	2.5294655529364	113	118	829	1060
OMM23.D35A	1278.68448442501	1640.92174704534	6517.42000729409	200.9	424.9	502.89	122.373101104334	373.406310492428	445.521865012174	2.23812677319283	17.1036758534767	2.24876916671363	113	118	829	1060
OMM23.D35B	1272.9834330225	1371.11801881851	5255.87371699765	201.29	441.52	505.99	131.368136276573	401.379601027277	436.407029894053	2.05182364486729	18.6106517113887	2.04435946496032	113	118	829	1060
OMM23.D35C	1468.28609457219	2099.8063176196	5334.10340625741	207.67	433.72	510.05	142.470006236211	372.253449833097	433.109206112928	2.36710033960604	17.9931460966969	2.37837460342393	113	118	829	1060
