sample	n	total	mean	median	min	max
control_mean	4335	1572418.97998913	362.72640830199	322.329585248709	27.4191329688964	3529.73986215839
OMM23.D28A	4335	2001080.43472929	461.610250225903	405.876455133695	2.31517223987288	5964.00413161849
OMM23.D28B	4335	1989975.21240264	459.048491903724	411.454533384283	3.19426314870437	5170.89253773137
OMM23.D28C	4335	2011087.98774094	463.918797633435	401.235009314641	2.52119686429554	5439.02918433737
OMM23.D35A	4335	2006240.53262173	462.800584226466	406.824642554976	2.23812677319283	6517.42000729409
OMM23.D35B	4335	2024930.85822747	467.112078022483	403.648196472832	2.04435946496032	5255.87371699765
OMM23.D35C	4335	2037918.38949775	470.108048327047	396.423103518365	2.36710033960604	5334.10340625741
