sample	max_essential	max_nonessential	max_unknown	mean_essential	mean_nonessential	mean_unknown	median_essential	median_nonessential	median_unknown	min_essential	min_nonessential	min_unknown	n_genes_essential	n_genes_nonessential	n_genes_unknown	total_genes
control_mean	1020.93871358102	896.571281666169	3720.10122073172	357.12	288.57	396.55	338.093541047262	269.911296797664	366.319591591757	51.049340481628	41.327379674078	35.6088344543756	113	118	829	1060
MP46.D28A	2715.11131925671	3798.37070763495	6185.27487047017	439.6	538.18	604.3	365.729994106414	407.147914464344	494.563311104574	5.49255035887911	29.1382711922417	2.65262900271009	113	118	829	1060
MP46.D28B	2085.74182448449	2360.13951844902	6264.80395065413	449.11	500.25	606.4	362.126695265154	407.224503077378	503.214495042734	12.2363288638679	15.9571069945517	12.768417775943	113	118	829	1060
MP46.D28C	2174.33063552512	2406.50854166424	5071.6200981453	455.18	489.48	606.96	366.559924865183	403.421588885486	489.072298582218	8.46054721851094	3.23281616277692	2.85788769586842	113	118	829	1060
MP46.D64A	12633.3891812992	34253.6777221118	95009.0855364511	498.95	734.54	683.89	114.62813325643	145.127144360371	199.809167733124	2.48559479973014	2.48680286970244	2.4809316804756	113	118	829	1060
MP46.D64B	12634.6581046102	28519.772665058	93834.4794782401	474.74	549.67	689.06	133.252188866932	149.87554433701	200.412908254516	2.61831553457307	2.62038634871409	2.61146074744247	113	118	829	1060
MP46.D64C	12827.9158298671	31505.1055297763	31558.582127539	416.69	518.45	645.72	119.377311843987	139.702132512468	188.299131104179	2.45850723433123	2.46524039702943	2.4578695161579	113	118	829	1060
