sample	NNMD	Essential.Glass.Delta	max_essential	max_nonessential	max_unknown	mean_essential	mean_nonessential	mean_unknown	median_essential	median_nonessential	median_unknown	min_essential	min_nonessential	min_unknown	n_genes_essential	n_genes_nonessential	n_genes_unknown	total_genes
MP46.D28A	-1.168	-1.048	1.58125480422022	1.55385827725384	1.74829328503577	-0.02	0.57	0.35	0.0312269973073283	0.608269111287198	0.37761598612649	-1.43563442062877	-0.80179019954481	-1.45096139627792	113	118	829	1060
MP46.D28B	-1.039	-0.982	1.41609471473564	1.62004725947719	1.61850326312256	0.02	0.51	0.38	0.0831040662643641	0.555575398467252	0.383053611740189	-1.38917567375732	-0.787198371758575	-2.3583721464211	113	118	829	1060
MP46.D28C	-0.976	-0.911	1.05355289420828	1.66195612341693	1.66448865210194	-0.01	0.46	0.32	-0.00855499163877462	0.467204103179684	0.331956185637385	-1.06200788628479	-0.984125589545825	-1.70191145405295	113	118	829	1060
MP46.D64A	-0.493	1.884	2.03608527856276	2.19382458392618	2.91573566032298	-1.51	-0.91	-0.91	-1.44536295691451	-0.837984797994742	-0.941801408047018	-4.78894044417082	-3.92334515356647	-4.69806164512656	113	118	829	1060
MP46.D64B	-0.409	2.108	1.54335713010775	1.92231536703268	2.88928540096227	-1.41	-0.92	-0.92	-1.41824143757374	-0.93328353689123	-0.895862307191453	-5.68871618998532	-4.38377268220908	-5.76906694103583	113	118	829	1060
MP46.D64C	-0.509	2.514	0.339368200559642	1.98976749465415	2.28216859744361	-1.6	-1.02	-1	-1.58810962950668	-0.979651126226736	-0.989511009491561	-4.61903158594828	-3.21475597818286	-4.37999377620484	113	118	829	1060
