sample	n	total	mean	median	min	max
control_mean	4335	1649615.8737502	380.534226931994	352.871980779657	35.6088344543756	3720.10122073172
MP46.D28A	4335	2513588.676815	579.83591160669	469.473842508485	2.65262900271009	6185.27487047017
MP46.D28B	4335	2506925.54688408	578.298857412705	475.954400606131	12.2363288638679	6264.80395065413
MP46.D28C	4335	2506426.70932912	578.183785312369	468.870721764619	2.85788769586842	5071.6200981453
MP46.D64A	4335	2905286.8468641	670.193044259308	185.715682748223	2.4809316804756	95009.0855364511
MP46.D64B	4335	2823568.3493795	651.342179787659	186.50808398244	2.61146074744247	93834.4794782401
MP46.D64C	4335	2634838.89084202	607.805972512577	175.519216839897	2.4578695161579	31558.582127539
