sample	max_essential	max_nonessential	max_unknown	mean_essential	mean_nonessential	mean_unknown	median_essential	median_nonessential	median_unknown	min_essential	min_nonessential	min_unknown	n_genes_essential	n_genes_nonessential	n_genes_unknown	total_genes
control_mean	1051.51579554276	1174.21957846963	3529.73986215839	341.51	297.44	378.82	303.407884435933	266.259047871995	336.726338811593	33.0189334620668	32.9393229355718	27.4191329688964	113	118	828	1059
X921.D28A	674.456715842187	983.683805150408	3134.6106166877	224.77	246.72	302.17	202.252079664342	225.513499368214	271.516763408742	20.7706438323592	22.5416915458331	19.9917313482099	113	118	828	1059
X921.D28B	658.091946460772	1040.0253517087	3299.84334401251	223.8	247.17	303	197.121142788392	224.707365542754	269.931590887835	16.9579024133771	29.3642486171311	6.16763579159374	113	118	828	1059
X921.D28C	661.060394430936	1047.06933061556	3271.53759461638	222.83	245.57	300.5	197.585517752805	223.140201597454	267.059629825235	9.99618359660771	22.4341867762422	17.2903148581373	113	118	828	1059
X921.D42A	696.159527414524	968.460813587959	3213.87089994814	205.07	240.9	293.31	178.684770013235	211.47258344317	257.698670454269	11.1205511005461	22.6854150184463	10.4266503396578	113	118	828	1059
X921.D42B	643.220620720189	1007.31585038919	3206.95271679568	204.48	237.55	291.98	177.082879168433	214.482194068759	255.408706810744	10.5000845068637	27.0486785491792	6.65271511974016	113	118	828	1059
X921.D42C	747.840217253881	1000.67597787127	3268.16179291036	203.79	239.19	291.32	176.198562626776	220.590767009665	256.56143796382	12.7457444871987	14.7648617446461	8.17679425910933	113	118	828	1059
