sample	NNMD	Essential.Glass.Delta	max_essential	max_nonessential	max_unknown	mean_essential	mean_nonessential	mean_unknown	median_essential	median_nonessential	median_unknown	min_essential	min_nonessential	min_unknown	n_genes_essential	n_genes_nonessential	n_genes_unknown	total_genes
X921.D28A	-2.827	3.198	-0.0252852960074474	-0.0478910082421342	0	-0.61	-0.26	-0.31	-0.594381395376514	-0.240808824981622	-0.280077129431456	-1.59227522744158	-0.692508392855592	-1.17735365519804	113	118	828	1059
X921.D28B	-2.869	3.039	0	-0.0366598685112393	0	-0.62	-0.26	-0.32	-0.593651128589884	-0.256985905803124	-0.288041525916034	-1.91287288214054	-0.628114553134775	-1.2301281607994	113	118	828	1059
X921.D28C	-2.964	3.142	-0.0168854224280271	-0.0474038254425799	0	-0.64	-0.28	-0.33	-0.614523965297229	-0.27223041196246	-0.299419060112472	-1.54834019548542	-0.627750148755678	-1.48792410679407	113	118	828	1059
X921.D42A	-2.661	2.820	0	0	0	-0.81	-0.34	-0.39	-0.764763776603643	-0.32381147906361	-0.357180306129396	-2.45122312143596	-0.815933857854506	-1.32321870048139	113	118	828	1059
X921.D42B	-2.683	3.192	0	-0.0216677422699766	0	-0.8	-0.35	-0.4	-0.788730381552707	-0.337554701781684	-0.349922370153289	-1.84688956113128	-0.861692546187996	-1.81128330056782	113	118	828	1059
X921.D42C	-2.625	3.061	0	-0.0231294247224424	0	-0.8	-0.35	-0.4	-0.750390100376065	-0.326469589761695	-0.355076000405065	-2.20287068963994	-0.918440468873383	-2.08810058221506	113	118	828	1059
