thresholds	specificity	sensitivity	ppv
-1.5675625	0.957627118644068	1	0.957627118644068
