sample	n	total	mean	median	min	max
control_mean	4335	1649615.8737502	380.534226931994	352.871980779657	35.6088344543756	3720.10122073172
OMM25.D28A	4335	1466102.64148438	338.201301380481	313.331954482041	17.9078644980134	3720.10122073172
OMM25.D28B	4335	1470353.85980813	339.181974580885	314.652703101297	23.2550726807029	3631.17363778257
OMM25.D28C	4335	1478056.68064746	340.95886520126	316.898762106456	11.889345447346	3620.10354104251
OMM25.D42A	4335	1432142.44125484	330.367345156825	305.500925571588	14.0480051709855	3720.10122073172
OMM25.D42B	4335	1424663.90694033	328.64219306582	303.449531830147	16.7717515375651	3586.87614184906
OMM25.D42C	4335	1427148.40876659	329.215319207978	303.972426790414	12.3089565557239	3644.3872319298
