sample	max_essential	max_nonessential	max_unknown	mean_essential	mean_nonessential	mean_unknown	median_essential	median_nonessential	median_unknown	min_essential	min_nonessential	min_unknown	n_genes_essential	n_genes_nonessential	n_genes_unknown	total_genes
control_mean	1051.51579554276	1174.21957846963	3529.73986215839	341.51	297.44	374.71	303.407884435933	266.259047871995	332.710720662476	33.0189334620668	32.9393229355718	27.4191329688964	113	118	829	1060
OMM23.D28A	686.958412626614	1119.64302265548	3466.60802812006	210.08	270.42	329.59	181.876887329869	248.500186881776	291.100624068133	15.7621359900843	25.9051003296626	22.689744557521	113	118	829	1060
OMM23.D28B	701.678108074321	1005.66762538039	3287.03769152368	211.16	269.7	327.71	189.190099762777	249.979817944284	292.143500161952	16.6939176835809	28.7065949094562	20.1935519799564	113	118	829	1060
OMM23.D28C	703.897986492538	1030.111969395	3349.56706902937	214.56	269.89	330.58	188.689819366442	242.221890147619	291.309723072859	16.36709669218	16.3912805161698	21.677472765794	113	118	829	1060
OMM23.D35A	719.236758677497	1074.42436694725	3529.73986215839	202.55	267.25	326.98	174.166572209157	245.413369614887	289.51536417126	14.1409846175941	22.5872738994422	24.2465099879311	113	118	829	1060
OMM23.D35B	744.197427189558	1004.8395047256	3307.07096959046	206.37	271.42	328.29	177.111340123113	245.866646276756	287.4654100127	15.8355109994118	23.4120790230909	16.4503100396028	113	118	829	1060
OMM23.D35C	714.412562783232	1063.6511319116	3325.33383567139	209.62	268.9	329.77	181.683517715039	242.552877777739	289.360192543013	16.4962753711019	23.9691310150478	21.557851788763	113	118	829	1060
