sample	NNMD	Essential.Glass.Delta	max_essential	max_nonessential	max_unknown	mean_essential	mean_nonessential	mean_unknown	median_essential	median_nonessential	median_unknown	min_essential	min_nonessential	min_unknown	n_genes_essential	n_genes_nonessential	n_genes_unknown	total_genes
OMM23.D28A	-9.717	2.647	-0.0567039904845072	-0.00297945812638935	0	-0.76	-0.13	-0.2	-0.765094767305681	-0.130717294576916	-0.151242560119502	-1.80299770500512	-0.421648174559661	-1.80832060458491	113	118	829	1060
OMM23.D28B	-9.265	2.790	-0.119610176133063	0	0	-0.74	-0.13	-0.19	-0.759318743958805	-0.116069998044227	-0.149160388757328	-1.64118315237782	-0.336993822039629	-1.25444488475814	113	118	829	1060
OMM23.D28C	-8.405	2.776	-0.00606855480581239	-0.0259926208644985	0	-0.74	-0.14	-0.2	-0.747236506567675	-0.135006005342909	-0.148502090864316	-1.5896912233758	-0.413635603724538	-1.57495960634409	113	118	829	1060
OMM23.D35A	-9.622	2.726	0	0	0	-0.83	-0.15	-0.21	-0.82070398824601	-0.130141004526203	-0.151980906004894	-1.7134154467133	-0.40310583511616	-1.68737470619342	113	118	829	1060
OMM23.D35B	-8.163	2.767	-0.107515524120781	-0.00277787470675488	0	-0.81	-0.14	-0.21	-0.793945879761106	-0.122841714050304	-0.152057641522551	-1.87185627873402	-0.353217389910046	-1.26481855596556	113	118	829	1060
OMM23.D35C	-8.325	2.767	-0.0575065699023959	-0.0135862933012317	0	-0.78	-0.15	-0.21	-0.771590379936523	-0.146091048769653	-0.15016510733173	-1.78236849775273	-0.353263903218415	-1.57136310820368	113	118	829	1060
