sample	n	total	mean	median	min	max
control_mean	4335	1572418.97998913	362.72640830199	322.329585248709	27.4191329688964	3529.73986215839
OMM23.D28A	4335	1346475.17893075	310.605577608017	273.242239340439	15.7621359900843	3466.60802812006
OMM23.D28B	4335	1340198.81270737	309.157742262369	274.989552685294	16.6939176835809	3287.03769152368
OMM23.D28C	4335	1351597.83428572	311.787274345033	274.339947992884	16.36709669218	3349.56706902937
OMM23.D35A	4335	1332665.71970171	307.4200045448	271.558077757042	14.1409846175941	3529.73986215839
OMM23.D35B	4335	1340834.22155241	309.304318697211	272.9816757998	15.8355109994118	3307.07096959046
OMM23.D35C	4335	1346162.53388437	310.533456490051	271.103719341472	16.4962753711019	3325.33383567139
