sample	total_counts	total_sgrnas	zero_sgrnas	pct_zero_sgrnas	low_sgrnas	pct_low_sgrnas	gini_index
control_mean	1572418.97998913	4335	0	0	3	0.07	0.06
X921.D28A	2139463.73955897	4335	0	0	12	0.28	0.06
X921.D28B	2144935.89151129	4335	0	0	16	0.37	0.06
X921.D28C	2117652.51547331	4335	0	0	14	0.32	0.06
X921.D42A	2152065.61821296	4335	0	0	43	0.99	0.08
X921.D42B	2127647.89019147	4335	0	0	52	1.2	0.08
X921.D42C	2129298.72674591	4335	0	0	50	1.15	0.08
