thresholds	specificity	sensitivity	ppv
0.216027777777778	1	0.115044247787611	1
