thresholds	specificity	sensitivity	ppv
-1.18452083333333	0.957627118644068	0.929203539823009	0.954545454545455
