sample	n	total	mean	median	min	max
control_mean	4335	1572418.97998913	362.72640830199	322.329585248709	27.4191329688964	3529.73986215839
X921.D28A	4335	1239056.12310029	285.826095294185	254.604805551658	19.9917313482099	3134.6106166877
X921.D28B	4335	1241539.16594403	286.398884877516	254.442580211829	6.16763579159374	3299.84334401251
X921.D28C	4335	1232010.00383506	284.200692926196	253.252316489918	9.99618359660771	3271.53759461638
X921.D42A	4335	1197492.10325036	276.238086101581	240.577944917564	10.4266503396578	3213.87089994814
X921.D42B	4335	1191316.62584637	274.813523839993	239.89144048737	6.65271511974016	3206.95271679568
X921.D42C	4335	1189557.39308984	274.407703134912	240.204804288473	8.17679425910933	3268.16179291036
