sample	total_counts	total_sgrnas	zero_sgrnas	pct_zero_sgrnas	low_sgrnas	pct_low_sgrnas	gini_index
control_mean	3309583.6496989	8592	0	0	1	0.01	0.04
Mel202.D28A	2817144.78680429	8592	0	0	49	0.57	0.06
Mel202.D28B	2827787.60896891	8592	0	0	20	0.23	0.06
Mel202.D28C	2825005.56770412	8592	0	0	27	0.31	0.06
