sample	total_counts	total_sgrnas	zero_sgrnas	pct_zero_sgrnas	low_sgrnas	pct_low_sgrnas	gini_index
control_mean	3089523.99090013	8592	0	0	7	0.08	0.06
X921.D28A	4009550.21258071	8592	0	0	145	1.69	0.08
X921.D28B	4002928.38128909	8592	0	0	152	1.77	0.08
X921.D28C	3987576.435078	8592	0	0	170	1.98	0.08
X921.D42A	4104511.27561123	8592	0	0	345	4.02	0.1
X921.D42B	4125101.51072771	8592	0	0	347	4.04	0.1
X921.D42C	4080809.94852729	8592	0	0	360	4.19	0.1
