sample	total_counts	total_sgrnas	zero_sgrnas	pct_zero_sgrnas	low_sgrnas	pct_low_sgrnas	gini_index
control_mean	1631919.8435102	4261	0	0	0	0	0.04
MP46.D28A	1490294.95200469	4261	0	0	16	0.38	0.05
MP46.D28B	1493682.98153854	4261	0	0	20	0.47	0.05
MP46.D28C	1475416.68210947	4261	0	0	33	0.77	0.06
MP46.D64A	949388.370268324	4261	0	0	565	13.26	0.14
MP46.D64B	951480.826515935	4261	0	0	554	13	0.14
MP46.D64C	933043.679802305	4261	0	0	600	14.08	0.14
