thresholds	specificity	sensitivity	ppv
-0.835958333333333	0.957627118644068	0.955752212389381	0.955752212389381
