sample	n	total	mean	median	min	max
control_mean	4335	1649615.8737502	380.534226931994	352.871980779657	35.6088344543756	3720.10122073172
MP46.D28A	4335	1912272.18567546	441.123918264236	357.922548935224	2.08687387629193	4708.42926809428
MP46.D28B	4335	1907368.87925078	439.992821049775	362.850730370819	9.62931428411501	4686.50599143424
MP46.D28C	4335	1906683.21271279	439.834651144818	357.239781890562	2.24019912673577	3868.07334968924
MP46.D64A	4335	2183253.87006494	503.634110741623	142.994684565128	1.97038032371911	69388.1664936937
MP46.D64B	4335	2122051.99558764	489.516031277426	143.916021704063	2.07299242494724	68107.5098362158
MP46.D64C	4335	1984119.73982161	457.697748517096	134.919369901682	1.94685229451215	23133.0730146599
