sample	max_essential	max_nonessential	max_unknown	mean_essential	mean_nonessential	mean_unknown	median_essential	median_nonessential	median_unknown	min_essential	min_nonessential	min_unknown	n_genes_essential	n_genes_nonessential	n_genes_unknown	total_genes
control_mean	1384.58579630835	1692.39890823246	3529.73986215839	340.15	285.06	372.79	289.295674898748	242.778185333443	316.205445936226	27.5377246684356	25.5414381820316	23.9696468843586	113	118	829	1060
OMM1.D28A	860.130359268899	1692.39890823246	3389.83095872284	178	260.56	319.6	143.204444820386	223.020760553983	268.38024487284	16.0049968504633	12.0133833002247	19.1030159076715	113	118	829	1060
OMM1.D28B	789.152292582726	1680.28720157775	3319.65367010154	183.75	264.61	323.84	151.890372328286	225.100794059077	274.230486575563	14.2438155434993	21.7005481850008	20.1439926264688	113	118	829	1060
OMM1.D28C	828.45470604094	1692.39890823246	3331.28032799238	183.21	264.02	322.69	147.923765775815	225.523194787976	272.67447444957	13.7775996137607	18.8945932938128	16.3113283295401	113	118	829	1060
OMM1.D35A	880.09232580758	1692.39890823246	3529.73986215839	168.43	257.81	314.12	131.820951960892	222.645226877458	262.982496323666	11.6563376700971	11.3823083217322	13.0371915957409	113	118	829	1060
OMM1.D35B	826.388793182997	1676.0363951043	3335.47659605423	174.12	263.19	319.4	141.378336839922	223.853351533172	268.522083117542	13.9479846150794	14.8716026041188	15.1360588098321	113	118	829	1060
OMM1.D35C	829.388413902498	1692.39890823246	3250.28222339694	174.16	262.29	318.87	137.150798686466	224.908363384763	270.354757485651	13.7956474147015	15.8349381902405	17.9397526842209	113	118	829	1060
