sample	NNMD	Essential.Glass.Delta	max_essential	max_nonessential	max_unknown	mean_essential	mean_nonessential	mean_unknown	median_essential	median_nonessential	median_unknown	min_essential	min_nonessential	min_unknown	n_genes_essential	n_genes_nonessential	n_genes_unknown	total_genes
OMM1.D28A	-12.215	3.689	-0.266247578350935	0	0	-1.07	-0.15	-0.27	-1.02263971565327	-0.137968476241468	-0.179167934672372	-1.92420124437274	-0.392941954218306	-1.81814820149064	113	118	829	1060
OMM1.D28B	-15.720	3.615	-0.201868211503582	-0.007457342599526	0	-1	-0.12	-0.24	-0.992288623716658	-0.105471742555672	-0.152058079540108	-1.69365449147227	-0.293494691314447	-1.41692593041097	113	118	829	1060
OMM1.D28C	-13.516	3.531	-0.199233021124547	-0.0138653298211641	0	-1.02	-0.13	-0.25	-1.01159280892756	-0.121802487831077	-0.156611949712668	-1.80432777190857	-0.387472621971249	-1.70822649998178	113	118	829	1060
OMM1.D35A	-11.915	3.949	-0.315259726290277	-0.00391544255891106	0	-1.17	-0.18	-0.31	-1.1230737228448	-0.162215053181941	-0.201671146167832	-2.04497914792858	-0.418704816928941	-1.82150546321579	113	118	829	1060
OMM1.D35B	-13.902	3.673	-0.224940832944036	-5.4704059442234e-05	0	-1.1	-0.14	-0.27	-1.08853460818906	-0.125166345299443	-0.167724154181169	-1.92547889219032	-0.349354263049049	-1.46884438283887	113	118	829	1060
OMM1.D35C	-13.033	3.635	-0.279333223020136	0	0	-1.11	-0.14	-0.27	-1.09530841369883	-0.124269062431371	-0.166137964076657	-1.80944354453483	-0.373452590058152	-1.77355923710926	113	118	829	1060
