sample	n	total	mean	median	min	max
control_mean	8592	3089523.99090013	359.58147007683	304.507213991716	23.9696468843586	3529.73986215839
OMM1.D28A	8592	2561477.91005198	298.123592883145	250.098134647031	12.0133833002247	3389.83095872284
OMM1.D28B	8592	2599112.58326268	302.503792279176	255.984921555181	14.2438155434993	3319.65367010154
OMM1.D28C	8592	2590304.18853176	301.478606672691	253.871034614142	13.7775996137607	3331.28032799238
OMM1.D35A	8592	2513319.28741012	292.518539037491	243.211416633257	11.3823083217322	3529.73986215839
OMM1.D35B	8592	2559187.47387792	297.857015116145	250.242800445847	13.9479846150794	3335.47659605423
OMM1.D35C	8592	2554744.40953859	297.339898689315	252.173646663561	13.7956474147015	3250.28222339694
