sample	total_counts	total_sgrnas	zero_sgrnas	pct_zero_sgrnas	low_sgrnas	pct_low_sgrnas	gini_index
control_mean	1558371.60609793	4261	0	0	2	0.05	0.06
X921.D28A	2109734.39721272	4261	0	0	12	0.28	0.06
X921.D28B	2115983.8874813	4261	0	0	16	0.38	0.06
X921.D28C	2088831.53254915	4261	0	0	14	0.33	0.06
X921.D42A	2121292.47382599	4261	0	0	43	1.01	0.08
X921.D42B	2095327.64815464	4261	0	0	51	1.2	0.08
X921.D42C	2096141.46994233	4261	0	0	50	1.17	0.08
