thresholds	specificity	sensitivity	ppv
0.226791666666667	0.991525423728814	0.212389380530973	0.96
