sample	total_counts	total_sgrnas	zero_sgrnas	pct_zero_sgrnas	low_sgrnas	pct_low_sgrnas	gini_index
control_mean	1649615.8737502	4335	0	0	0	0	0.04
OMM25.D28A	1528530.66051156	4335	0	0	3	0.07	0.05
OMM25.D28B	1528681.98898453	4335	0	0	5	0.12	0.05
OMM25.D28C	1537953.5263957	4335	0	0	5	0.12	0.05
OMM25.D42A	1526539.27569936	4335	0	0	4	0.09	0.05
OMM25.D42B	1506782.35058875	4335	0	0	11	0.25	0.06
OMM25.D42C	1516576.88786362	4335	0	0	9	0.21	0.05
