sample	total_counts	total_sgrnas	zero_sgrnas	pct_zero_sgrnas	low_sgrnas	pct_low_sgrnas	gini_index
control_mean	1572418.97998913	4335	0	0	3	0.07	0.06
OMM23.D28A	2001080.43472929	4335	0	0	74	1.71	0.08
OMM23.D28B	1989975.21240264	4335	0	0	57	1.31	0.07
OMM23.D28C	2011087.98774094	4335	0	0	62	1.43	0.07
OMM23.D35A	2006240.53262173	4335	0	0	91	2.1	0.08
OMM23.D35B	2024930.85822747	4335	0	0	79	1.82	0.08
OMM23.D35C	2037918.38949775	4335	0	0	77	1.78	0.08
