sample	max_essential	max_nonessential	max_unknown	mean_essential	mean_nonessential	mean_unknown	median_essential	median_nonessential	median_unknown	min_essential	min_nonessential	min_unknown	n_genes_essential	n_genes_nonessential	n_genes_unknown	total_genes
control_mean	1020.93871358102	896.571281666169	3720.10122073172	357.12	288.57	400.05	338.093541047262	269.911296797664	368.611353066256	51.049340481628	41.327379674078	35.6088344543756	113	118	828	1059
Mel285.D28A	1297.87123878526	1660.12043049502	5916.80417659176	324.75	413.93	540.94	269.484637186373	366.920340149485	478.505596445998	33.5961209472126	45.6691322866007	37.7352697688461	113	118	828	1059
Mel285.D28B	1518.35477089656	1596.23959094157	5567.0922474232	320.85	386.73	525.51	277.271688109013	336.829279802216	463.682573124513	40.3711661240757	35.4214942924591	28.8483288480894	113	118	828	1059
Mel285.D28C	1356.4387731371	1475.7729423162	4918.39370522201	336.23	408.6	535.59	283.851762032013	377.492032301882	474.609171677052	33.2878996238368	32.8933089010731	30.9262856545701	113	118	828	1059
Mel285.D49A	692.121730779976	1514.44996201075	3452.30338432211	172.74	214.37	264.66	149.057320464824	167.976639908068	212.6720630823	34.2353338558285	28.2343045625411	25.3177747777846	113	118	828	1059
Mel285.D49B	445.068205852634	1086.48607171875	5334.85890054851	161.46	170.78	229.4	148.413066301425	143.237060125474	187.385628747187	34.962465355334	29.9559648945638	26.8615921023248	113	118	828	1059
Mel285.D49C	665.551329943337	829.876355380179	4260.09421383405	160.74	179.07	238.77	138.98455379033	149.190405605599	190.018880844875	31.3495765506053	27.8403928139801	24.0858168703052	113	118	828	1059
