sample	n	total	mean	median	min	max
control_mean	4261	1631919.8435102	382.989871746117	355.110494236746	35.6088344543756	3720.10122073172
Mel285.D28A	4261	2146508.8059218	503.757053724901	440.780353697147	33.5961209472126	5916.80417659176
Mel285.D28B	4261	2080343.78519757	488.229003801353	426.204643253807	28.8483288480894	5567.0922474232
Mel285.D28C	4261	2131350.71123036	500.199650605576	438.699746647519	30.9262856545701	4918.39370522201
Mel285.D49A	4261	1062141.63692962	249.270508549547	197.414588802389	25.3177747777846	3452.30338432211
Mel285.D49B	4261	918731.004639308	215.613941478364	176.46620567478	26.8615921023248	5334.85890054851
Mel285.D49C	4261	953592.02574209	223.795359244799	178.223509746705	24.0858168703052	4260.09421383405
