sample	max_essential	max_nonessential	max_unknown	mean_essential	mean_nonessential	mean_unknown	median_essential	median_nonessential	median_unknown	min_essential	min_nonessential	min_unknown	n_genes_essential	n_genes_nonessential	n_genes_unknown	total_genes
control_mean	1020.93871358102	896.571281666169	3720.10122073172	357.12	288.57	396.55	338.093541047262	269.911296797664	366.319591591757	51.049340481628	41.327379674078	35.6088344543756	113	118	829	1060
Mel285.D28A	878.617312702625	896.571281666169	3720.10122073172	279.89	281.45	381.57	250.71355360583	259.742521513146	351.423714700048	33.5961209472126	41.327379674078	35.6088344543756	113	118	829	1060
Mel285.D28B	878.617312702625	896.571281666169	3720.10122073172	282.11	277.88	380.63	252.924165842353	255.095437061925	350.618369172933	40.3711661240757	35.4214942924591	28.8483288480894	113	118	829	1060
Mel285.D28C	878.617312702625	896.571281666169	3720.10122073172	283.7	280.6	378.49	261.854667502833	262.076118876856	351.10919966671	33.2878996238368	32.8933089010731	30.9262856545701	113	118	829	1060
Mel285.D49A	571.089698718657	896.571281666169	2975.31991626064	170.55	196.4	245.48	149.057320464824	163.251112659776	209.676238791133	34.2353338558285	28.2343045625411	25.3177747777846	113	118	829	1060
Mel285.D49B	445.068205852634	745.318727444189	2480.63763482541	161.46	167.06	217.88	148.413066301425	142.944227108544	186.469551164438	34.962465355334	29.9559648945638	26.8615921023248	113	118	829	1060
Mel285.D49C	533.729958977802	829.876355380179	2157.36597110242	158.95	172.01	226.17	138.98455379033	149.190405605599	188.118243038014	31.3495765506053	27.8403928139801	24.0858168703052	113	118	829	1060
