sample	NNMD	Essential.Glass.Delta	max_essential	max_nonessential	max_unknown	mean_essential	mean_nonessential	mean_unknown	median_essential	median_nonessential	median_unknown	min_essential	min_nonessential	min_unknown	n_genes_essential	n_genes_nonessential	n_genes_unknown	total_genes
Mel285.D28A	-4.716	1.784	0	0	0	-0.42	-0.05	-0.07	-0.392379714708383	-0.0168791355779624	-0.012479550265774	-1.03138572338238	-0.440436763713396	-1.12492435143124	113	118	829	1060
Mel285.D28B	-3.978	1.957	0	0	0	-0.4	-0.07	-0.08	-0.389640316029115	-0.0430026969053876	-0.0214616474616198	-0.913856327043878	-0.363685293997567	-0.850335074801593	113	118	829	1060
Mel285.D28C	-4.317	1.712	0	0	0	-0.41	-0.05	-0.1	-0.375490502649521	-0.013875253115634	-0.0283363385939437	-1.14553327282619	-0.454053430989942	-1.09960418202881	113	118	829	1060
Mel285.D49A	-1.887	7.119	-0.0473282325739735	-0.0406963769971876	0	-1.07	-0.65	-0.78	-1.09852198447426	-0.62895403059924	-0.78388679075985	-1.48911018386007	-1.17922361077399	-1.45766364344722	113	118	829	1060
Mel285.D49B	-1.862	12.720	-0.672081137725499	-0.412635396311046	0	-1.12	-0.82	-0.91	-1.12783081274786	-0.837610054973819	-0.931954499686401	-1.51411502951234	-1.14007020859554	-1.4660117744894	113	118	829	1060
Mel285.D49C	-1.715	8.613	0	-0.281517652131841	0	-1.17	-0.82	-0.9	-1.18756017433736	-0.811326406355222	-0.910351780446588	-1.68564796349748	-1.2500850393269	-1.5306330412427	113	118	829	1060
