sample	n	total	mean	median	min	max
control_mean	4335	1649615.8737502	380.534226931994	352.871980779657	35.6088344543756	3720.10122073172
Mel285.D28A	4335	1560301.79338486	359.93120954668	332.884497337965	33.5961209472126	3720.10122073172
Mel285.D28B	4335	1556381.01155211	359.026761603716	331.437050191413	28.8483288480894	3720.10122073172
Mel285.D28C	4335	1551101.2579902	357.808825372596	331.555689453098	30.9262856545701	3720.10122073172
Mel285.D49A	4335	1006825.3291843	232.254977897187	195.48892196584	25.3177747777846	2975.31991626064
Mel285.D49B	4335	894721.252948917	206.394752698712	175.756643639591	26.8615921023248	2480.63763482541
Mel285.D49C	4335	924193.456566537	213.193415586283	176.632579098789	24.0858168703052	2157.36597110242
