sample	n	total	mean	median	min	max
control_mean	4335	1572418.97998913	362.72640830199	322.329585248709	27.4191329688964	3529.73986215839
MP38.D28A	4335	1375108.80672611	317.210797399333	280.977899367455	16.7578919532392	3529.73986215839
MP38.D28B	4335	1369197.99584666	315.847288545942	280.158327812901	15.3223773038328	3529.73986215839
MP38.D28C	4335	1367263.86076255	315.401121283172	281.197522845314	18.4782288825251	3529.73986215839
MP38.D65A	4335	1254691.60471605	289.43289612827	253.152460889723	10.5400716384705	3234.10701512055
MP38.D65B	4335	1256292.51177804	289.802194181786	254.73642266862	8.72773479146711	3529.73986215839
MP38.D65C	4335	1273608.48036142	293.796650602404	256.80281489506	9.28021380958713	3529.73986215839
