sample	NNMD	Essential.Glass.Delta	max_essential	max_nonessential	max_unknown	mean_essential	mean_nonessential	mean_unknown	median_essential	median_nonessential	median_unknown	min_essential	min_nonessential	min_unknown	n_genes_essential	n_genes_nonessential	n_genes_unknown	total_genes
OMM25.D28A	-6.940	2.543	0	0	0	-0.68	-0.09	-0.17	-0.671843202194115	-0.0694707474509723	-0.120213172772337	-1.72197614016838	-0.453424356290621	-1.65723552785426	113	118	828	1059
OMM25.D28B	-9.257	2.247	0	0	0	-0.72	-0.08	-0.17	-0.67200518065597	-0.0675435131160483	-0.109221418999609	-1.66630956094149	-0.367904578709707	-1.26090865382397	113	118	828	1059
OMM25.D28C	-9.284	2.400	0	0	0	-0.69	-0.08	-0.15	-0.679608880084585	-0.0623202507818693	-0.102070760406948	-1.70207633426501	-0.280027266279639	-1.67848498959017	113	118	828	1059
OMM25.D42A	-7.102	2.535	-0.103138191518971	0	0	-0.81	-0.11	-0.21	-0.760899527857576	-0.1053925794575	-0.144834230321	-1.6594606777425	-0.502703211700093	-2.04106154272798	113	118	828	1059
OMM25.D42B	-8.617	2.431	-0.0786154963435237	0	0	-0.91	-0.11	-0.22	-0.868385110818109	-0.0986595877940406	-0.152105809970752	-2.14133045698334	-0.466846440930867	-1.69122551563927	113	118	828	1059
OMM25.D42C	-7.775	2.477	0	0	0	-0.88	-0.12	-0.22	-0.837318098869907	-0.109329583516514	-0.146923805213794	-1.82551978642655	-0.475232963142211	-2.21089372547563	113	118	828	1059
