sample	max_essential	max_nonessential	max_unknown	mean_essential	mean_nonessential	mean_unknown	median_essential	median_nonessential	median_unknown	min_essential	min_nonessential	min_unknown	n_genes_essential	n_genes_nonessential	n_genes_unknown	total_genes
control_mean	1020.93871358102	896.571281666169	3720.10122073172	357.12	288.57	400.05	338.093541047262	269.911296797664	368.611353066256	51.049340481628	41.327379674078	35.6088344543756	113	118	828	1059
OMM25.D28A	660.574358302199	896.571281666169	3720.10122073172	237.28	274.02	363.62	217.651541754398	255.335488522126	335.986897600529	21.1362174619598	30.8956177602873	17.9078644980134	113	118	828	1059
OMM25.D28B	705.897691270132	869.248572938503	3631.17363778257	234.06	275.99	365.05	215.887986398433	256.320928562959	337.926794807888	26.6509304550639	31.3772971427294	23.2550726807029	113	118	828	1059
OMM25.D28C	686.914908313262	869.248572938503	3620.10354104251	235.74	276.37	366.97	217.119024167447	257.353786461632	339.283777795549	18.5881673402014	34.7290297455349	11.889345447346	113	118	828	1059
OMM25.D42A	692.702351172125	896.571281666169	3720.10122073172	221.13	269.89	356.16	199.334534047924	250.572120127413	328.156535299604	21.8115279058754	28.9580078003169	14.0480051709855	113	118	828	1059
OMM25.D42B	769.994008936357	869.248572938503	3586.87614184906	211.62	271.01	355.11	187.625377531349	251.568861779139	326.408365849022	16.7717515375651	24.0884646479665	16.8655820160364	113	118	828	1059
OMM25.D42C	682.528756252374	869.248572938503	3644.3872319298	213.46	269.75	355.77	194.91264713864	254.397476622068	329.496703501806	17.1808979228469	29.0168896907616	12.3089565557239	113	118	828	1059
