sample	n	total	mean	median	min	max
control_mean	4261	1631919.8435102	382.989871746117	355.110494236746	35.6088344543756	3720.10122073172
OMM25.D28A	4261	1449443.20940653	340.165033890291	315.743064583563	17.9078644980134	3720.10122073172
OMM25.D28B	4261	1453698.21601663	341.163627321433	316.898762106456	23.2550726807029	3631.17363778257
OMM25.D28C	4261	1461053.60538665	342.889839330357	319.121594988768	11.889345447346	3620.10354104251
OMM25.D42A	4261	1415316.50861427	332.155951329328	306.869155201792	14.0480051709855	3720.10122073172
OMM25.D42B	4261	1408063.39105358	330.453741153152	304.322730333571	16.7717515375651	3586.87614184906
OMM25.D42C	4261	1410494.6564409	331.02432678735	305.435883142932	12.3089565557239	3644.3872319298
