thresholds	specificity	sensitivity	ppv
-1.1754375	0.957627118644068	0.911504424778761	0.953703703703704
