sample	NNMD	Essential.Glass.Delta	max_essential	max_nonessential	max_unknown	mean_essential	mean_nonessential	mean_unknown	median_essential	median_nonessential	median_unknown	min_essential	min_nonessential	min_unknown	n_genes_essential	n_genes_nonessential	n_genes_unknown	total_genes
OMM25.D28A	-4.949	0.872	0.590745167811272	1.37636169594719	1.41863865344073	-1.21	0.51	0.19	-1.21018691747977	0.508014279171823	0.304953126190991	-3.85681148844896	-0.663137851710651	-3.76986020956806	113	118	828	1059
OMM25.D28B	-6.419	0.817	0.74564417143705	1.05655361519808	1.29315896276629	-1.3	0.52	0.2	-1.205772402799	0.522154415168431	0.327453975773092	-3.76950718522623	-0.25358872027228	-2.69992726732472	113	118	828	1059
OMM25.D28C	-6.154	0.782	1.4523911692377	1.13839038422382	1.54631736961138	-1.22	0.55	0.24	-1.17250448068073	0.54319699829018	0.356110500367233	-3.85807766937848	-0.0906902596959683	-3.80583209974687	113	118	828	1059
OMM25.D42A	-4.482	1.029	0.479499717342806	1.68243147265922	2.37483003835154	-1.52	0.53	0.15	-1.4090784029578	0.478909964028295	0.25262702842673	-3.73530479017621	-0.792379352971389	-4.71082532478762	113	118	828	1059
OMM25.D42B	-6.004	1.150	0.485100075094054	1.24671500164666	2.15855190798835	-1.79	0.51	0.11	-1.73856608661268	0.559578755742205	0.270276478426355	-4.96310884917995	-0.446226008893873	-3.7888643793327	113	118	828	1059
OMM25.D42C	-5.099	1.093	1.30167027990933	1.57223227728263	2.27035189357626	-1.68	0.49	0.13	-1.65189883270979	0.482192292202402	0.280644639468548	-4.13768537868297	-0.573257112500047	-5.11382168314044	113	118	828	1059
