sample	n	total	mean	median	min	max
control_mean	4261	1631919.8435102	382.989871746117	355.110494236746	35.6088344543756	3720.10122073172
OMM25.D28A	4261	2069140.83119524	485.599819571752	425.177052208783	2.34030272773158	5325.72547009526
OMM25.D28B	4261	2065114.82362255	484.654969167462	427.729435572811	2.21523871693121	4985.24385602089
OMM25.D28C	4261	2090081.28127521	490.514264556491	438.123117586207	2.51955337175445	4945.87268750759
OMM25.D42A	4261	2159329.42114835	506.765881518037	421.360691490585	2.53946256693635	6289.39226339473
OMM25.D42B	4261	2084668.58348853	489.243976411295	405.147751027826	1.92909433810548	4828.84866615225
OMM25.D42C	4261	2134112.8581511	500.847889732714	413.18472606455	1.99866459740404	8055.59634706383
