sample	NNMD	Essential.Glass.Delta	max_essential	max_nonessential	max_unknown	mean_essential	mean_nonessential	mean_unknown	median_essential	median_nonessential	median_unknown	min_essential	min_nonessential	min_unknown	n_genes_essential	n_genes_nonessential	n_genes_unknown	total_genes
Mel202.D28A	-8.006	0.509	0.66848686023676	1.15742390093421	1.94319322502861	-1.17	0.65	0.34	-1.0215871565023	0.674433963873667	0.496672720650095	-4.23227861513323	0.0246178381056896	-4.58028375643191	113	118	828	1059
Mel202.D28B	-5.401	0.133	0.830659038163707	1.14663090233254	1.67341313556168	-0.73	0.62	0.39	-0.611525305623342	0.602353184489824	0.507431075036715	-3.59083649974019	-0.260710965686301	-2.77395554721909	113	118	828	1059
Mel202.D28C	-5.257	0.181	0.71665439781001	1.08348835529782	1.48083157283071	-0.71	0.56	0.39	-0.490484905941093	0.572726564133339	0.476955832655391	-3.40677685083039	-0.141443044798558	-2.61143127467723	113	118	828	1059
