sample	n	total	mean	median	min	max
Mel202.D28A	1059	226.319480875549	0.213710557956137	0.476875417214936	-4.58028375643191	1.94319322502861
Mel202.D28B	1059	314.976056498889	0.29742781539083	0.485478556267598	-3.59083649974019	1.67341313556168
Mel202.D28C	1059	308.084666859965	0.29092036530686	0.450116177053599	-3.40677685083039	1.48083157283071
