sample	total_counts	total_sgrnas	zero_sgrnas	pct_zero_sgrnas	low_sgrnas	pct_low_sgrnas	gini_index
control_mean	3309583.6496989	8592	0	0	1	0.01	0.04
Mel285.D28A	3096418.80552002	8592	0	0	2	0.02	0.05
Mel285.D28B	3093311.36780731	8592	0	0	2	0.02	0.05
Mel285.D28C	3069007.93507641	8592	0	0	3	0.03	0.05
Mel285.D49A	2012898.98488259	8592	0	0	10	0.12	0.06
Mel285.D49B	1796860.65281577	8592	0	0	8	0.09	0.05
Mel285.D49C	1859626.8565255	8592	0	0	8	0.09	0.06
