thresholds	specificity	sensitivity	ppv
-0.0859791666666667	0.957627118644068	0.902654867256637	0.953271028037383
