sample	NNMD	Essential.Glass.Delta	max_essential	max_nonessential	max_unknown	mean_essential	mean_nonessential	mean_unknown	median_essential	median_nonessential	median_unknown	min_essential	min_nonessential	min_unknown	n_genes_essential	n_genes_nonessential	n_genes_unknown	total_genes
Mel270.D28A	-3.557	-0.293	1.12610523177267	1.10089450178833	2.06914441070643	-0.34	0.5	0.35	-0.339715723099216	0.520215254894816	0.415320901053101	-2.05780337639896	-0.280210599188008	-1.8633633227657	113	118	828	1059
Mel270.D28B	-3.844	-0.312	1.11851708398219	1.08387907130203	1.93071362781747	-0.34	0.51	0.34	-0.308584843663888	0.501908262960624	0.401795752915016	-2.05891749329667	-0.262574369022927	-2.10154517294189	113	118	828	1059
Mel270.D28C	-3.794	-0.412	0.947298164241171	1.12218216140702	1.81777011567735	-0.33	0.56	0.36	-0.277986116214792	0.561836847949975	0.430981553312715	-2.56766627760425	-0.308323846608871	-2.17820218292332	113	118	828	1059
Mel270.D35A	-3.015	-0.176	1.27386654289712	1.20602907110436	2.53403638093357	-0.38	0.49	0.35	-0.397856769344206	0.520280711915855	0.415217466621871	-2.48429507230109	-0.402046837700603	-2.23761151521955	113	118	828	1059
Mel270.D35B	-3.482	-0.141	1.28955268325839	1.33152649065721	2.48266290714613	-0.42	0.51	0.33	-0.427563976927684	0.519426712188678	0.406524228180036	-2.23361938410263	-0.216932666658246	-1.84196465502794	113	118	828	1059
Mel270.D35C	-3.478	-0.208	0.692105584563601	1.17510768857367	2.00875909535848	-0.43	0.56	0.33	-0.298359838926119	0.585232882314587	0.407645335079455	-3.06346480979714	-0.505127650620814	-2.91884311702353	113	118	828	1059
