sample	n	total	mean	median	min	max
control_mean	4261	1631919.8435102	382.989871746117	355.110494236746	35.6088344543756	3720.10122073172
Mel270.D28A	4261	2141410.14695178	502.560466311143	454.674546862592	5.0092449415429	4869.35179696829
Mel270.D28B	4261	2138581.40061769	501.896597187912	457.068644327633	8.59968956116647	4577.47818236069
Mel270.D28C	4261	2156527.35282056	506.108273367886	462.849405397409	4.14251127768191	3659.67203874626
Mel270.D35A	4261	2178058.09817171	511.161252797866	457.8680923029	3.5446988917213	4754.1746339223
Mel270.D35B	4261	2152708.97273108	505.212150371058	458.942106959816	4.58465110789624	4683.21621429762
Mel270.D35C	4261	2173420.03697911	510.072761553417	456.424818727996	2.62288739632933	3772.89609207439
