sample	total_counts	total_sgrnas	zero_sgrnas	pct_zero_sgrnas	low_sgrnas	pct_low_sgrnas	gini_index
control_mean	1558371.60609793	4261	0	0	2	0.05	0.06
MP41.D28A	1287413.76939319	4261	0	0	6	0.14	0.06
MP41.D28B	1274106.0584725	4261	0	0	13	0.31	0.06
MP41.D28C	1295220.73105846	4261	0	0	16	0.38	0.06
MP41.D32A	1289002.79956551	4261	0	0	9	0.21	0.06
MP41.D32B	1281447.60748228	4261	0	0	12	0.28	0.06
MP41.D32C	1291764.53061896	4261	0	0	15	0.35	0.06
