thresholds	specificity	sensitivity	ppv
-0.0626041666666666	0.957627118644068	0.964601769911504	0.956140350877193
