thresholds	specificity	sensitivity	ppv
-1.52845833333333	0.957627118644068	1	0.957627118644068
