sample	total_counts	total_sgrnas	zero_sgrnas	pct_zero_sgrnas	low_sgrnas	pct_low_sgrnas	gini_index
control_mean	3309583.6496989	8592	0	0	1	0.01	0.04
Mel270.D28A	2628579.13510395	8592	0	0	76	0.88	0.06
Mel270.D28B	2625044.88493927	8592	0	0	83	0.97	0.06
Mel270.D28C	2631384.13401409	8592	0	0	87	1.01	0.06
Mel270.D35A	2589368.75926762	8592	0	0	92	1.07	0.06
Mel270.D35B	2603233.75422136	8592	0	0	111	1.29	0.06
Mel270.D35C	2592235.45633409	8592	0	0	128	1.49	0.06
