thresholds	specificity	sensitivity	ppv
-0.154958333333333	0.957627118644068	0.902654867256637	0.953271028037383
