sample	total_counts	total_sgrnas	zero_sgrnas	pct_zero_sgrnas	low_sgrnas	pct_low_sgrnas	gini_index
control_mean	1649615.8737502	4335	0	0	0	0	0.04
Mel270.D28A	2170278.48042274	4335	0	0	10	0.23	0.05
Mel270.D28B	2166440.58031883	4335	0	0	16	0.37	0.05
Mel270.D28C	2185374.21346061	4335	0	0	7	0.16	0.05
Mel270.D35A	2206760.92837007	4335	0	0	16	0.37	0.06
Mel270.D35B	2181226.54942961	4335	0	0	13	0.3	0.06
Mel270.D35C	2202694.12497487	4335	0	0	14	0.32	0.06
