sample	NNMD	Essential.Glass.Delta	max_essential	max_nonessential	max_unknown	mean_essential	mean_nonessential	mean_unknown	median_essential	median_nonessential	median_unknown	min_essential	min_nonessential	min_unknown	n_genes_essential	n_genes_nonessential	n_genes_unknown	total_genes
MP38.D28A	-4.778	0.231	0.646347149726312	0.97243485518619	1.28729417382703	-0.56	0.41	0.36	-0.488449835714585	0.406455115942277	0.455536009985832	-3.12292386293761	-0.118195688925433	-2.1862920618493	113	118	828	1059
MP38.D28B	-4.603	0.315	0.650807380894357	0.985825601161783	1.24964722923224	-0.6	0.4	0.34	-0.516276343869221	0.394436571393695	0.41935705713562	-2.56060904744939	-0.145566468588081	-2.55870788458641	113	118	828	1059
MP38.D28C	-4.689	0.275	1.02865790651335	0.830938097643525	1.1662656005027	-0.6	0.4	0.37	-0.559014322244444	0.401905772709236	0.450802943071897	-2.89725495422098	-0.290109804492551	-2.42199326101635	113	118	828	1059
MP38.D65A	-5.009	1.270	1.12485088030008	1.37416470874426	2.6728626131808	-1.98	0.31	0.12	-2.02646980888926	0.333439125806548	0.30939510625039	-5.80262202310644	-0.974438505784319	-5.22169176852279	113	118	828	1059
MP38.D65B	-4.852	1.250	0.982287134672565	1.62509026835426	2.74095888082322	-1.96	0.36	0.15	-1.85535027122058	0.286178772782735	0.329673500223847	-5.70454762929748	-0.737988090488136	-4.68095990287524	113	118	828	1059
MP38.D65C	-4.927	1.157	1.31011660199818	1.38365037453953	1.98491171193809	-1.86	0.36	0.19	-1.79992702495059	0.399855575133123	0.408871333241299	-5.18864985107493	-0.874680751899165	-4.447316611577	113	118	828	1059
