sample	max_essential	max_nonessential	max_unknown	mean_essential	mean_nonessential	mean_unknown	median_essential	median_nonessential	median_unknown	min_essential	min_nonessential	min_unknown	n_genes_essential	n_genes_nonessential	n_genes_unknown	total_genes
control_mean	1051.51579554276	1174.21957846963	3529.73986215839	341.51	297.44	378.82	303.407884435933	266.259047871995	336.726338811593	33.0189334620668	32.9393229355718	27.4191329688964	113	118	828	1059
MP38.D28A	1074.35537206772	1631.626674847	6242.71625985703	277.03	398.23	502.64	227.258343014804	349.532145397343	440.553157627171	4.22442262499325	22.0477363829799	9.79559223392512	113	118	828	1059
MP38.D28B	1103.73658303699	1825.07549194834	6531.80668625237	273.24	393.61	496.3	235.394882529151	356.914306645092	441.936773666489	6.26416810607937	25.2366237396985	9.98206344966124	113	118	828	1059
MP38.D28C	1261.30816163916	1417.45650026257	6346.21431652939	274.38	389.36	498.88	217.795435846296	353.576849473666	445.756280763079	7.2362379731016	31.3163672289003	5.25963509637766	113	118	828	1059
MP38.D65A	3562.05061553817	4500.87589886954	9106.99731465482	200.91	434.28	548.95	87.687877692264	347.689501055452	397.933687764862	2.59039638261844	11.787609905715	2.59025680453223	113	118	828	1059
MP38.D65B	2664.09685434511	6831.2066933973	6273.8607141888	201.86	459.24	546.38	84.8305056304675	330.156741342662	414.037458395141	2.50526030277554	13.3976068703722	2.52961211809932	113	118	828	1059
MP38.D65C	3679.79304940984	1875.86796343125	7859.26769004241	208.2	434.06	560.86	86.8370806921335	353.747251740377	425.439810023787	2.77136350601639	2.74939298823398	2.77121417689558	113	118	828	1059
