sample	n	total	mean	median	min	max
MP38.D28A	1059	285.496042422089	0.269590219473171	0.404163942963121	-3.12292386293761	1.28729417382703
MP38.D28B	1059	259.407565244778	0.244955207974295	0.374371782794103	-2.56060904744939	1.24964722923224
MP38.D28C	1059	286.223245918022	0.270276908326744	0.405071802992788	-2.89725495422098	1.1662656005027
MP38.D65A	1059	-90.8906399185458	-0.0858268554471632	0.227216613062627	-5.80262202310644	2.6728626131808
MP38.D65B	1059	-56.7628815979316	-0.0536004547666965	0.248912217317567	-5.70454762929748	2.74095888082322
MP38.D65C	1059	-6.40529049305421	-0.00604843294905969	0.321372521849327	-5.18864985107493	1.98491171193809
