sample	NNMD	Essential.Glass.Delta	max_essential	max_nonessential	max_unknown	mean_essential	mean_nonessential	mean_unknown	median_essential	median_nonessential	median_unknown	min_essential	min_nonessential	min_unknown	n_genes_essential	n_genes_nonessential	n_genes_unknown	total_genes
Mel285.D28A	-4.471	-0.039	0.76492146870814	0.977199434656585	2.14291923293421	-0.41	0.42	0.34	-0.443058472858707	0.415649729288944	0.391635934615615	-1.07949200002343	0.0122315927469094	-0.859618516764629	113	118	829	1060
Mel285.D28B	-4.443	0.115	0.902228685454458	0.78559059802577	2.37838081676239	-0.4	0.36	0.31	-0.427096294738805	0.354804278570866	0.36900500300236	-0.989425428535223	-0.140609219543159	-0.771277070587723	113	118	829	1060
Mel285.D28C	-4.983	0.030	1.01472922287759	0.777996373421852	2.07984028453442	-0.42	0.41	0.3	-0.462493364671168	0.405615771693479	0.357293271025989	-1.27775253476309	0.0284363656340509	-0.959294790204607	113	118	829	1060
Mel285.D49A	-2.611	9.278	-0.570389027243683	0.175693568547187	2.51144826849056	-1.12	-0.59	-0.74	-1.13319536662955	-0.59055077471982	-0.750147948909722	-1.47824834761984	-1.01029700045044	-1.37344685297703	113	118	829	1060
Mel285.D49B	-2.652	15.651	-0.775835684550841	-0.255397310080042	2.76137228325752	-1.15	-0.8	-0.89	-1.15573281404551	-0.814994643706996	-0.901676747207323	-1.4503342985245	-1.03877598656814	-1.4398694317264	113	118	829	1060
Mel285.D49C	-2.535	10.091	-0.157642542389955	-0.269970512976861	2.33595346560146	-1.21	-0.78	-0.86	-1.23192042487995	-0.766385684958743	-0.871584345007829	-1.5362895683281	-1.14511545744342	-1.46898313136761	113	118	829	1060
