sample	max_essential	max_nonessential	max_unknown	mean_essential	mean_nonessential	mean_unknown	median_essential	median_nonessential	median_unknown	min_essential	min_nonessential	min_unknown	n_genes_essential	n_genes_nonessential	n_genes_unknown	total_genes
control_mean	1083.98926606839	1113.93020804736	3720.10122073172	362.72	287.22	402.14	337.70799847377	265.360950216973	368.497323226416	37.0624349850133	23.0478177677379	34.6450506372963	113	118	829	1060
Mel285.D28A	1338.36873923946	2048.16421711547	5916.80417659176	304.56	416.87	548.34	243.44629359959	363.779731314853	480.647446511955	31.7556955769476	25.6421290870459	29.804484380034	113	118	829	1060
Mel285.D28B	1518.35477089656	1875.77452208498	5567.0922474232	300.75	397.15	536.85	249.668752281778	342.840981228071	466.392656853743	30.7900554591603	27.2506154250186	28.8483288480894	113	118	829	1060
Mel285.D28C	1959.54919200589	2111.82842303848	4918.39370522201	309.39	411.4	541.84	244.00390981114	357.427284275987	472.620025451032	26.3354232586459	20.5948728365873	30.9262856545701	113	118	829	1060
Mel285.D49A	769.18526013024	1983.5029158948	4207.44860776923	168.32	212	266.47	145.398912873073	164.583261136271	209.548125347223	26.070522820492	18.4029605834373	24.8140590110513	113	118	829	1060
Mel285.D49B	570.547179767248	1086.48607171875	6537.89708602584	158.63	171.69	232.55	145.373651492016	142.429907252403	188.166154478033	27.6602409194702	19.525129084457	26.3271609534479	113	118	829	1060
Mel285.D49C	3490.81298448117	1146.26338725697	7871.48852573953	160.62	180.24	243.02	136.468725253386	144.994066925248	191.286459838228	24.8019363423072	18.1462111258381	24.0858168703052	113	118	829	1060
