sample	n	total	mean	median	min	max
control_mean	8592	3309583.6496989	385.193627758252	354.234655819272	23.0478177677379	3720.10122073172
Mel285.D28A	8592	4365178.19913483	508.051466379752	439.765003103895	25.6421290870459	5916.80417659176
Mel285.D28B	8592	4265459.37107013	496.445457526784	426.53415987921	27.2506154250186	5567.0922474232
Mel285.D28C	8592	4320497.44698666	502.851192619491	432.512917967809	20.5948728365873	4918.39370522201
Mel285.D49A	8592	2148651.88731144	250.07587142824	195.101203696426	18.4029605834373	4207.44860776923
Mel285.D49B	8592	1873003.3807037	217.993875780226	176.799428614929	19.525129084457	6537.89708602584
Mel285.D49C	8592	1953446.41130713	227.356425897013	178.000555947274	18.1462111258381	7871.48852573953
