sample	n	total	mean	median	min	max
control_mean	4261	1558371.60609793	365.729079112397	325.193892306712	27.4191329688964	3529.73986215839
OMM23.D28A	4261	1333184.44127073	312.880648033498	276.397998833156	15.7621359900843	3466.60802812006
OMM23.D28B	4261	1326601.84302169	311.335799817341	277.35842581453	16.6939176835809	3287.03769152368
OMM23.D28C	4261	1338138.05951731	314.043196319481	277.00849313031	16.36709669218	3349.56706902937
OMM23.D35A	4261	1319202.31475687	309.599228997152	273.363648487364	14.1409846175941	3529.73986215839
OMM23.D35B	4261	1327445.81721429	311.533869329802	275.422968212471	15.8355109994118	3307.07096959046
OMM23.D35C	4261	1332752.50063188	312.779277313279	273.865878376591	16.4962753711019	3325.33383567139
