sample	max_essential	max_nonessential	max_unknown	mean_essential	mean_nonessential	mean_unknown	median_essential	median_nonessential	median_unknown	min_essential	min_nonessential	min_unknown	n_genes_essential	n_genes_nonessential	n_genes_unknown	total_genes
control_mean	1384.58579630835	1692.39890823246	3529.73986215839	340.15	285.06	372.79	289.295674898748	242.778185333443	316.205445936226	27.5377246684356	25.5414381820316	23.9696468843586	113	118	829	1060
X921.D28A	828.246839119326	1692.39890823246	3134.6106166877	182.99	238.29	290.18	151.013132637376	207.689101457467	248.444855768091	10.6316977921997	8.2943146154221	17.6221703032938	113	118	829	1060
X921.D28B	740.39687750818	1692.39890823246	3299.84334401251	182.81	238.09	290.03	147.40158826579	203.30102309799	246.012995968878	11.709255916977	9.24119418933373	6.16763579159374	113	118	829	1060
X921.D28C	822.014778398563	1692.39890823246	3271.53759461638	182.07	236.45	288.97	146.313622075708	204.041033605071	246.019633525745	9.99618359660771	6.90022975672614	16.5994140810241	113	118	829	1060
X921.D42A	947.788795780176	1692.39890823246	3213.87089994814	161.49	232.51	281.06	125.631095242144	193.680666446309	235.746768146361	5.83212643775806	6.34403944220802	10.4266503396578	113	118	829	1060
X921.D42B	960.461733819827	1692.39890823246	3206.95271679568	164.2	232.6	281.19	131.71752477295	197.153488768971	235.985942722894	10.5000845068637	6.8278461084464	6.65271511974016	113	118	829	1060
X921.D42C	1014.78385290688	1692.39890823246	3268.16179291036	162.69	230.24	280.32	124.33526123933	194.764792944602	235.052284862354	10.6878669173991	7.11296351410034	8.17679425910933	113	118	829	1060
