sample	NNMD	Essential.Glass.Delta	max_essential	max_nonessential	max_unknown	mean_essential	mean_nonessential	mean_unknown	median_essential	median_nonessential	median_unknown	min_essential	min_nonessential	min_unknown	n_genes_essential	n_genes_nonessential	n_genes_unknown	total_genes
X921.D28A	-5.534	4.158	-0.397671845596495	-0.0274484985301787	0	-1	-0.27	-0.38	-0.980453158951209	-0.237186853086945	-0.321355727402913	-1.80868401588423	-0.702234647634611	-1.79722708187508	113	118	829	1060
X921.D28B	-5.929	4.198	-0.47323273935785	-0.0709757879304271	0	-1.01	-0.28	-0.39	-0.924681481872627	-0.264707490024569	-0.325628559423331	-2.03417493697867	-0.627228541546036	-1.70236185570122	113	118	829	1060
X921.D28C	-5.900	3.979	-0.404647666610339	-0.0650819573574506	0	-1.03	-0.29	-0.4	-0.977084043178732	-0.26173157179524	-0.329919094547625	-2.05704152291736	-0.682602304642516	-1.74881468788324	113	118	829	1060
X921.D42A	-5.114	3.928	-0.322040455544831	-0.00424730959000614	0	-1.29	-0.35	-0.48	-1.26424632929668	-0.309516916546266	-0.387786341901305	-2.33703568898897	-0.974594008366501	-2.09276565589873	113	118	829	1060
X921.D42B	-5.638	4.080	-0.567588936262858	-0.0741526426039673	0	-1.26	-0.35	-0.48	-1.20188621762002	-0.337308985807213	-0.377373336719514	-2.35478445266944	-0.897867940425905	-2.33551685233586	113	118	829	1060
X921.D42C	-5.492	4.193	-0.566300176178344	-0.040420035303442	0	-1.28	-0.36	-0.49	-1.24854946555995	-0.326588056730813	-0.378326091814058	-2.63535316865872	-0.990505408361959	-2.61052699671112	113	118	829	1060
