sample	n	total	mean	median	min	max
control_mean	8592	3089523.99090013	359.58147007683	304.507213991716	23.9696468843586	3529.73986215839
X921.D28A	8592	2346688.64923209	273.12484278772	234.151049751316	8.2943146154221	3134.6106166877
X921.D28B	8592	2345299.37505979	272.963148866363	231.509093237919	6.16763579159374	3299.84334401251
X921.D28C	8592	2335943.86220485	271.874285638367	230.545624036493	6.90022975672614	3271.53759461638
X921.D42A	8592	2260295.72776051	263.069800717006	219.158177255303	5.83212643775806	3213.87089994814
X921.D42B	8592	2263743.43448734	263.471070121897	219.802929798816	6.65271511974016	3206.95271679568
X921.D42C	8592	2254228.55335378	262.363658444341	219.546768656032	7.11296351410034	3268.16179291036
