sample	n	total	mean	median	min	max
control_mean	4261	1558371.60609793	365.729079112397	325.193892306712	27.4191329688964	3529.73986215839
OMM1.D28A	4261	2161114.57286223	507.184832870742	411.481567745132	2.55814216857643	5978.44079236405
OMM1.D28B	4261	2163215.2720659	507.677839020394	434.410289888457	2.49649114374337	5565.58728475796
OMM1.D28C	4261	2195570.66546387	515.271219306235	434.008250995006	2.24190383694822	5632.54703081898
OMM1.D35A	4261	2196101.0413123	515.395691460291	390.622658639525	2.45255525965268	7020.19536936518
OMM1.D35B	4261	2199711.1400796	516.242933602347	424.11228027086	2.67416490952235	5656.8533652556
OMM1.D35C	4261	2224384.24159885	522.033382210479	423.630349353602	2.46408273954356	5177.71792156397
