thresholds	specificity	sensitivity	ppv
0.22175	0.991525423728814	0.221238938053097	0.961538461538462
