sample	max_essential	max_nonessential	max_unknown	mean_essential	mean_nonessential	mean_unknown	median_essential	median_nonessential	median_unknown	min_essential	min_nonessential	min_unknown	n_genes_essential	n_genes_nonessential	n_genes_unknown	total_genes
control_mean	1020.93871358102	896.571281666169	3720.10122073172	357.12	288.57	396.55	338.093541047262	269.911296797664	366.319591591757	51.049340481628	41.327379674078	35.6088344543756	113	118	829	1060
OMM25.D28A	1239.52413901728	1521.16382151374	5325.72547009526	227.55	450.53	521.47	158.419103166146	387.112005129867	461.069276165709	2.34030272773158	20.2938510723389	2.3469376754308	113	118	829	1060
OMM25.D28B	1559.14812703624	1827.56029118357	4985.24385602089	228.82	446.74	520.81	151.313693263244	401.470861441368	461.289547639741	2.56453643564396	10.0910553498085	2.21523871693121	113	118	829	1060
OMM25.D28C	1150.47737720462	1730.94305963867	4945.87268750759	227.18	453.26	528.12	159.195377956383	431.073461873705	472.513033347166	2.51955337175445	19.4937266074722	2.53018415642138	113	118	829	1060
OMM25.D42A	1477.10299568584	2245.03033297169	6289.39226339473	211.77	477.46	547.49	125.260213670602	384.647911232584	458.029937492406	2.53946256693635	17.1522072969831	2.54154890090029	113	118	829	1060
OMM25.D42B	1933.2611617403	2059.62230811677	4828.84866615225	200.6	461.15	529.21	109.873326971143	416.654897791606	437.95581906329	1.92909433810548	5.0792859854733	1.93334416775851	113	118	829	1060
OMM25.D42C	2148.30040952877	3051.65738640508	8055.59634706383	205.25	466.84	542.7	114.524197921433	420.427860378347	445.12169767465	1.99866459740404	11.6323104831623	2.00627966750445	113	118	829	1060
