sample	n	total	mean	median	min	max
control_mean	4335	1649615.8737502	380.534226931994	352.871980779657	35.6088344543756	3720.10122073172
OMM25.D28A	4335	2093801.20519613	482.999124612719	421.663390708457	2.34030272773158	5325.72547009526
OMM25.D28B	4335	2090336.86257131	482.19996829788	423.722464150153	2.21523871693121	4985.24385602089
OMM25.D28C	4335	2117596.59011859	488.488256082719	436.104378458753	2.51955337175445	4945.87268750759
OMM25.D42A	4335	2188152.43072806	504.764113201399	420.327241941761	2.53946256693635	6289.39226339473
OMM25.D42B	4335	2113043.08095375	487.437850277682	404.359399828984	1.92909433810548	4828.84866615225
OMM25.D42C	4335	2163828.18179555	499.152983113161	412.008203067753	1.99866459740404	8055.59634706383
