sample	NNMD	Essential.Glass.Delta	max_essential	max_nonessential	max_unknown	mean_essential	mean_nonessential	mean_unknown	median_essential	median_nonessential	median_unknown	min_essential	min_nonessential	min_unknown	n_genes_essential	n_genes_nonessential	n_genes_unknown	total_genes
X921.D28A	-5.204	0.725	0.256919846268107	1.14781165952622	1.93427005587816	-1.01	0.54	0.3	-0.915022759220938	0.598654996027737	0.409160132181091	-2.70343439239766	-0.411641794652095	-2.67283649161393	113	118	829	1060
X921.D28B	-5.712	0.822	0.084583375731153	0.969725787880185	2.25973643858255	-1.04	0.51	0.28	-0.875272990058627	0.539018088523646	0.400456994590404	-3.15848406545972	-0.256971910775758	-2.48464104255932	113	118	829	1060
X921.D28C	-5.445	0.852	0.209412709122173	1.12201937335548	2.06971681338803	-1.08	0.49	0.26	-0.974290240615725	0.557284767777001	0.389269056110022	-3.20430010868585	-0.366613945293867	-2.58491141974874	113	118	829	1060
X921.D42A	-4.700	1.354	0.414417154521387	1.5738980664651	3.27195548750641	-1.6	0.42	0.14	-1.56277062995995	0.448130272171402	0.298340778762775	-3.76255650831507	-0.973710852808037	-3.27037438520609	113	118	829	1060
X921.D42B	-5.124	1.350	-0.0725738390434663	1.29973726110682	3.42754203361857	-1.53	0.42	0.15	-1.42662342284566	0.408809130067621	0.312676555638054	-3.79863082782669	-0.802700580724243	-3.78061803394385	113	118	829	1060
X921.D42C	-4.949	1.469	-0.0233566232336736	1.14577636402602	3.20146141615162	-1.58	0.39	0.11	-1.52214364236728	0.451035020136753	0.301103576863573	-4.37256074500526	-1.00990479432356	-4.25185500270902	113	118	829	1060
