sample	max_essential	max_nonessential	max_unknown	mean_essential	mean_nonessential	mean_unknown	median_essential	median_nonessential	median_unknown	min_essential	min_nonessential	min_unknown	n_genes_essential	n_genes_nonessential	n_genes_unknown	total_genes
control_mean	1384.58579630835	1692.39890823246	3529.73986215839	340.15	285.06	372.79	289.295674898748	242.778185333443	316.205445936226	27.5377246684356	25.5414381820316	23.9696468843586	113	118	829	1060
X921.D28A	1746.78305615316	3531.30114917385	5726.22314869682	236.06	436.87	501.87	168.657530428623	368.368059648755	426.114604941974	2.36515441651366	4.24232846608107	3.49441312709038	113	118	829	1060
X921.D28B	1481.81487103382	3646.94474279796	7491.68253615778	237.04	430.3	501.69	164.449269324336	361.432371197085	416.427163685011	2.25541696121571	5.69789141866695	2.2300806324188	113	118	829	1060
X921.D28C	1429.42487226158	4118.84948105937	6469.29226166229	234.95	428.04	500.01	157.011860273655	357.481354775013	416.974252969614	2.37893526637681	3.09840222499963	2.3903383495608	113	118	829	1060
X921.D42A	2202.41543578252	4217.30510743476	18935.1170837604	206.75	451.52	517.83	118.273051197501	340.383510570944	392.968462620464	2.24771084517962	2.60028999465713	2.28186279517947	113	118	829	1060
X921.D42B	1519.68207588555	4183.2199863018	20769.8827283143	211.73	447.45	520.8	120.846910622981	343.637464085666	398.910343650265	2.635882121303	3.03100429810436	2.61151383821613	113	118	829	1060
X921.D42C	2117.53698614463	5013.22199702108	16909.1173860479	208.57	442.32	515.37	110.314223695779	344.18123185822	391.345793670287	2.07752554066012	2.40020346652167	2.08147311226317	113	118	829	1060
