sample	n	total	mean	median	min	max
control_mean	8592	3089523.99090013	359.58147007683	304.507213991716	23.9696468843586	3529.73986215839
X921.D28A	8592	4009550.21258071	466.660872041516	395.144467999179	2.36515441651366	5726.22314869682
X921.D28B	8592	4002928.38128909	465.890174731039	383.541066092582	2.2300806324188	7491.68253615778
X921.D28C	8592	3987576.435078	464.103402592877	382.151501667592	2.37893526637681	6469.29226166229
X921.D42A	8592	4104511.27561123	477.71313729181	357.948324733372	2.24771084517962	18935.1170837604
X921.D42B	8592	4125101.51072771	480.10957992641	361.770166024727	2.61151383821613	20769.8827283143
X921.D42C	8592	4080809.94852729	474.954602947775	355.811172927328	2.07752554066012	16909.1173860479
