sample	NNMD	Essential.Glass.Delta	max_essential	max_nonessential	max_unknown	mean_essential	mean_nonessential	mean_unknown	median_essential	median_nonessential	median_unknown	min_essential	min_nonessential	min_unknown	n_genes_essential	n_genes_nonessential	n_genes_unknown	total_genes
OMM25.D28A	-10.610	1.898	-0.178335200214666	1.15620863388354	1.76164281695543	-2.13	0.44	0.05	-2.12971099781698	0.445070644033081	0.234657203334368	-3.94283246672452	-0.240420233837773	-4.21171759719042	113	118	829	1060
OMM25.D28B	-11.975	1.853	-0.0527948860050892	0.85560209855108	1.70460119481396	-2.14	0.45	0.06	-2.02215919008834	0.445495177073987	0.260629643534788	-4.47130310518523	-0.162608539475846	-3.20929835158266	113	118	829	1060
OMM25.D28C	-12.371	1.748	0.00566937556391423	1.02437629432274	1.69603730517651	-2.05	0.48	0.09	-1.9628696203212	0.475314269251777	0.297059963874413	-4.62278110516549	0.0480044671661367	-4.00182311496459	113	118	829	1060
OMM25.D42A	-8.398	2.187	0.0794844031035864	1.55570108870526	2.49200659852556	-2.47	0.43	-0.02	-2.48719701217611	0.442292124195892	0.218104131977362	-4.51898299727552	-0.340865698782764	-4.97125358601336	113	118	829	1060
OMM25.D42B	-9.708	2.126	-0.145592194687759	1.1575497710729	2.59942687915773	-2.69	0.43	-0.04	-2.60209327769912	0.442338727912816	0.19734849893269	-5.29937398658258	-0.57395005778499	-4.02364370660662	113	118	829	1060
OMM25.D42C	-10.114	2.211	-0.140102131571542	1.1637165283599	2.45357112457852	-2.62	0.4	-0.04	-2.62121434532414	0.423760412498031	0.199753033085184	-5.05039117023365	-0.344774429461321	-4.9334726738977	113	118	829	1060
