sample	max_essential	max_nonessential	max_unknown	mean_essential	mean_nonessential	mean_unknown	median_essential	median_nonessential	median_unknown	min_essential	min_nonessential	min_unknown	n_genes_essential	n_genes_nonessential	n_genes_unknown	total_genes
control_mean	1083.98926606839	1113.93020804736	3720.10122073172	362.72	287.22	402.14	337.70799847377	265.360950216973	368.497323226416	37.0624349850133	23.0478177677379	34.6450506372963	113	118	829	1060
OMM25.D28A	1239.52413901728	2861.58959959101	5325.72547009526	162	438.19	500.1	94.9140176770434	365.535715199588	426.799808901249	2.3330862260806	11.5885143208153	2.34405463673028	113	118	829	1060
OMM25.D28B	1559.14812703624	3157.07488120229	4985.24385602089	162.4	434.66	498.76	92.1022588538772	375.299975730294	428.480318398728	2.21206380017047	6.33002296810152	2.21523871693121	113	118	829	1060
OMM25.D28C	1150.47737720462	2325.9495521883	4945.87268750759	163.56	438.48	506.69	93.4061990778241	392.393999943359	441.842408775498	2.51525120014553	9.77849022646552	2.52707601302295	113	118	829	1060
OMM25.D42A	1517.15352152185	3246.69569606249	6289.39226339473	148.24	462.83	523.69	77.475683535236	375.900738953308	425.05925496667	2.51761664857901	10.3105298790493	2.54154890090029	113	118	829	1060
OMM25.D42B	1933.2611617403	4263.2979834925	6700.93427019156	139.21	455.97	512.61	61.9043468122022	382.663784670355	411.412155275295	1.91513901717876	1.93135886695854	1.93334416775851	113	118	829	1060
OMM25.D42C	2148.30040952877	3051.65738640508	8055.59634706383	141.49	450.62	517.07	67.5089582787025	385.010363839348	420.279065832626	1.99504586491163	4.39079727118643	2.00442506490291	113	118	829	1060
