sample	n	total	mean	median	min	max
control_mean	8592	3309583.6496989	385.193627758252	354.234655819272	23.0478177677379	3720.10122073172
OMM25.D28A	8592	3931955.21177366	457.629796528592	387.52766031443	2.3330862260806	5325.72547009526
OMM25.D28B	8592	3919957.87631096	456.2334586023	390.348784446116	2.21206380017047	4985.24385602089
OMM25.D28C	8592	3978000.98575964	462.988941545582	402.475648562242	2.51525120014553	4945.87268750759
OMM25.D42A	8592	4101895.54632669	477.408699525919	379.197170875952	2.51761664857901	6289.39226339473
OMM25.D42B	8592	4012582.16399628	467.013752792863	371.018394439154	1.91513901717876	6700.93427019156
OMM25.D42C	8592	4039545.00740944	470.151886337225	377.993996777494	1.99504586491163	8055.59634706383
