sample	total_counts	total_sgrnas	zero_sgrnas	pct_zero_sgrnas	low_sgrnas	pct_low_sgrnas	gini_index
control_mean	1572418.97998913	4335	0	0	3	0.07	0.06
OMM1.D28A	2189265.83986003	4335	0	0	186	4.29	0.1
OMM1.D28B	2192643.18651522	4335	0	0	154	3.55	0.09
OMM1.D28C	2222570.70580674	4335	0	0	142	3.28	0.09
OMM1.D35A	2225217.7412772	4335	0	0	242	5.58	0.11
OMM1.D35B	2228326.41187242	4335	0	0	209	4.82	0.1
OMM1.D35C	2251731.6877164	4335	0	0	215	4.96	0.1
