thresholds	specificity	sensitivity	ppv
-1.81973958333333	0.957627118644068	1	0.957627118644068
