sample	max_essential	max_nonessential	max_unknown	mean_essential	mean_nonessential	mean_unknown	median_essential	median_nonessential	median_unknown	min_essential	min_nonessential	min_unknown	n_genes_essential	n_genes_nonessential	n_genes_unknown	total_genes
control_mean	1083.98926606839	1113.93020804736	3720.10122073172	362.72	287.22	402.14	337.70799847377	265.360950216973	368.497323226416	37.0624349850133	23.0478177677379	34.6450506372963	113	118	829	1060
Mel202.D28A	867.60655530196	1300.01684177541	3573.11755213558	178.32	279.6	354.83	148.782888314722	255.928305633845	325.01129054197	12.0177156603521	10.5530017132724	20.6343783721475	113	118	829	1060
Mel202.D28B	822.503258092183	1225.9280109244	3600.5834941712	194.75	275.07	354.85	169.432339051122	251.782842878195	327.480756300801	13.4875496254313	21.3541045985356	22.1727501047426	113	118	829	1060
Mel202.D28C	765.954133529334	1163.84636637393	3386.84531281332	196.06	273.34	354.51	169.828888370694	251.671191657006	327.293993044468	16.6871014775249	10.5440792825098	24.5511767848078	113	118	829	1060
