sample	NNMD	Essential.Glass.Delta	max_essential	max_nonessential	max_unknown	mean_essential	mean_nonessential	mean_unknown	median_essential	median_nonessential	median_unknown	min_essential	min_nonessential	min_unknown	n_genes_essential	n_genes_nonessential	n_genes_unknown	total_genes
Mel202.D28A	-12.211	3.065	-0.151859188126597	0.125710635271781	0.579070667562842	-1.26	-0.06	-0.24	-1.22879837007322	-0.0424579446258075	-0.119407318777347	-2.3015038643198	-0.390435978458385	-2.0863544054786	113	118	829	1060
Mel202.D28B	-10.197	3.115	-0.196457462794684	0.126653501802839	0.439345707944337	-1.09	-0.08	-0.23	-1.07682889900784	-0.064628681911032	-0.125918539367216	-2.09039588898595	-0.321258194406104	-1.81075050839202	113	118	829	1060
Mel202.D28C	-10.345	3.166	-0.17963546869695	0.113063988742664	0.531938635313226	-1.09	-0.09	-0.23	-1.03025503381782	-0.0922887420088119	-0.130694023979844	-2.12280284878368	-0.4014088919815	-1.77495356458268	113	118	829	1060
