sample	n	total	mean	median	min	max
control_mean	8592	3309583.6496989	385.193627758252	354.234655819272	23.0478177677379	3720.10122073172
Mel202.D28A	8592	2817144.78680429	327.879979842212	300.753035486365	10.5530017132724	3573.11755213558
Mel202.D28B	8592	2827787.60896891	329.118669572732	302.690846656203	13.4875496254313	3600.5834941712
Mel202.D28C	8592	2825005.56770412	328.794875198338	304.023312353995	10.5440792825098	3386.84531281332
