sample	NNMD	Essential.Glass.Delta	max_essential	max_nonessential	max_unknown	mean_essential	mean_nonessential	mean_unknown	median_essential	median_nonessential	median_unknown	min_essential	min_nonessential	min_unknown	n_genes_essential	n_genes_nonessential	n_genes_unknown	total_genes
Mel285.D28A	-2.679	2.927	0.228980605982975	1.60540887797745	5.26365136532326	-3.25	-0.76	-1.07	-3.28863987924721	-0.728661852851852	-0.946132754662405	-6.02922079653351	-3.48314015108592	-6.28101073873401	113	118	828	1059
Mel285.D28B	-2.651	3.514	0.102344508991937	0.894179360515784	4.55293403544307	-3.3	-1.11	-1.21	-3.33786283075943	-1.20199481869158	-1.11162169559751	-5.58109017127889	-3.62648928901852	-5.36876287485433	113	118	828	1059
Mel285.D28C	-2.745	2.816	1.00345781277429	1.49556116136874	4.68200396483645	-3.15	-0.82	-1.18	-3.1975002207956	-0.80457026268878	-1.02985636830663	-6.29434775263982	-2.82373419132975	-6.20044790390294	113	118	828	1059
Mel285.D49A	-1.623	11.706	-2.48943240981911	-0.964010460687407	7.68892581320905	-6.02	-4.36	-4.94	-6.16733083122534	-4.44177194943227	-5.04441544817174	-7.52268780605729	-6.4596646908668	-7.40743242385144	113	118	828	1059
Mel285.D49B	-1.733	21.250	-4.6425797373015	-3.47341037806034	5.29277132962035	-6.26	-5.18	-5.5	-6.27660962702915	-5.24296520846478	-5.61161283988883	-7.66800210258395	-6.36820563174718	-7.51831410763639	113	118	828	1059
Mel285.D49C	-1.476	13.255	-1.911239124601	-2.17762360489936	5.89803627764691	-6.36	-5.09	-5.39	-6.44504450681882	-5.14807377002686	-5.51889901594521	-8.18027856108199	-6.60367206154175	-7.65744166385647	113	118	828	1059
