sample	n	total	mean	median	min	max
control_mean	4261	1631919.8435102	382.989871746117	355.110494236746	35.6088344543756	3720.10122073172
Mel285.D28A	4261	1582814.18911799	371.46542809622	162.419373217591	2.17125941213017	19025.5708123594
Mel285.D28B	4261	1455214.40193474	341.51945598093	142.435784798149	3.18018839304499	45846.2922738979
Mel285.D28C	4261	1537539.9484869	360.840166272448	159.388289599322	2.09661121466831	34454.8773000431
Mel285.D49A	4261	558769.377601084	131.135737526657	7.58213192120462	2.01355628968363	118016.760070919
Mel285.D49B	4261	1140025.07159046	267.548714290181	4.57462656377959	2.50425505539783	621999.955271847
Mel285.D49C	4261	351679.314917385	82.534455507483	5.05092429911177	1.67549068282895	139794.728059786
