sample	total_counts	total_sgrnas	zero_sgrnas	pct_zero_sgrnas	low_sgrnas	pct_low_sgrnas	gini_index
control_mean	1649615.8737502	4335	0	0	0	0	0.04
MP46.D28A	2513588.676815	4335	0	0	17	0.39	0.07
MP46.D28B	2506925.54688408	4335	0	0	21	0.48	0.07
MP46.D28C	2506426.70932912	4335	0	0	35	0.81	0.08
MP46.D64A	2905286.8468641	4335	0	0	575	13.26	0.17
MP46.D64B	2823568.3493795	4335	0	0	568	13.1	0.17
MP46.D64C	2634838.89084202	4335	0	0	620	14.3	0.18
