thresholds	specificity	sensitivity	ppv
-0.290998511904762	0.957627118644068	0.973451327433628	0.956521739130435
