sample	NNMD	Essential.Glass.Delta	max_essential	max_nonessential	max_unknown	mean_essential	mean_nonessential	mean_unknown	median_essential	median_nonessential	median_unknown	min_essential	min_nonessential	min_unknown	n_genes_essential	n_genes_nonessential	n_genes_unknown	total_genes
Mel270.D28A	-8.205	3.069	-0.154717084639283	0.17855278435578	1.03745749624459	-1.19	-0.15	-0.31	-1.15034214583498	-0.145387562599466	-0.206479798770686	-2.68648748911372	-0.525430127091712	-2.44580417655696	113	118	829	1060
Mel270.D28B	-8.019	2.972	-0.206980249306675	0.104580169031904	1.04760946601236	-1.21	-0.15	-0.32	-1.19490433109617	-0.14400809187276	-0.211152897168808	-2.31807249311978	-0.545255158583389	-2.11673598201631	113	118	829	1060
Mel270.D28C	-9.292	2.926	-0.184940700694547	0.126203133731104	1.01920440868923	-1.23	-0.14	-0.32	-1.21538941570981	-0.136081978050656	-0.205485347678845	-2.59264951994423	-0.582700856259003	-2.35576524792965	113	118	829	1060
Mel270.D35A	-7.096	3.107	-0.187596809353883	0.232994536534322	1.28672397414619	-1.24	-0.17	-0.33	-1.23303995189522	-0.168713685047474	-0.214429603350886	-2.58904187141045	-0.627639601053224	-2.48295182658094	113	118	829	1060
Mel270.D35B	-7.025	2.957	-0.17959771842902	0.20051462852635	1.37327208596365	-1.29	-0.16	-0.33	-1.22853810917314	-0.147988284057747	-0.201589740296311	-2.44126484107082	-0.642751406177772	-2.28433012946398	113	118	829	1060
Mel270.D35C	-9.058	3.015	-0.280939206386084	0.152923044648024	1.22366877888722	-1.34	-0.14	-0.34	-1.31540336961629	-0.137923219583473	-0.223699831428913	-2.91867663937923	-0.671525288625755	-2.54335700118266	113	118	829	1060
