sample	max_essential	max_nonessential	max_unknown	mean_essential	mean_nonessential	mean_unknown	median_essential	median_nonessential	median_unknown	min_essential	min_nonessential	min_unknown	n_genes_essential	n_genes_nonessential	n_genes_unknown	total_genes
control_mean	1083.98926606839	1113.93020804736	3720.10122073172	362.72	287.22	402.14	337.70799847377	265.360950216973	368.497323226416	37.0624349850133	23.0478177677379	34.6450506372963	113	118	829	1060
Mel270.D28A	843.147102480624	1242.35986914667	3289.61297786139	191.86	263.73	339.84	157.503890931685	250.314611544408	312.064228559863	9.47309629976029	12.7763134672682	10.9451586356711	113	118	829	1060
Mel270.D28B	841.910703220445	1190.58490493502	3168.06984958425	190.12	265.15	338.66	161.143560826269	244.463083427738	310.668180033236	8.56029652498585	19.7653809211338	9.02626348370051	113	118	829	1060
Mel270.D28C	767.66022741549	1173.35868023668	2764.42030245638	188.35	266.14	339.86	161.245668431	246.188174209461	311.720862883381	9.0846399922825	15.033442802999	11.7975168150878	113	118	829	1060
Mel270.D35A	885.920836356747	1135.00285630165	3242.00018705479	188.98	262.9	338.73	154.412507403261	246.776797436905	308.785232269826	9.80862917416402	17.1632058032156	14.1568222804682	113	118	829	1060
Mel270.D35B	856.069277032987	1214.66778029648	3212.44226645317	185.43	265.98	339.97	158.839796444083	244.479404834091	311.833073595727	8.5548975425408	9.79065907110785	10.4195060825671	113	118	829	1060
Mel270.D35C	661.480779155095	1216.27272516717	2816.20022901018	180.47	268.52	338.69	154.851819851959	248.13579305911	307.680984332429	8.20362813906719	14.3433260810362	8.87275721701029	113	118	829	1060
