sample	total_counts	total_sgrnas	zero_sgrnas	pct_zero_sgrnas	low_sgrnas	pct_low_sgrnas	gini_index
control_mean	3089523.99090013	8592	0	0	7	0.08	0.06
OMM1.D28A	2602706.7472405	8592	0	0	33	0.38	0.07
OMM1.D28B	2631864.45119049	8592	0	0	23	0.27	0.07
OMM1.D28C	2627370.77709709	8592	0	0	32	0.37	0.07
OMM1.D35A	2575803.03055856	8592	0	0	35	0.41	0.07
OMM1.D35B	2609608.90093124	8592	0	0	30	0.35	0.07
OMM1.D35C	2613863.56780125	8592	0	0	35	0.41	0.07
