sample	total_counts	total_sgrnas	zero_sgrnas	pct_zero_sgrnas	low_sgrnas	pct_low_sgrnas	gini_index
control_mean	1649615.8737502	4335	0	0	0	0	0.04
Mel285.D28A	1560301.79338486	4335	0	0	0	0	0.05
Mel285.D28B	1556381.01155211	4335	0	0	1	0.02	0.05
Mel285.D28C	1551101.2579902	4335	0	0	0	0	0.05
Mel285.D49A	1006825.3291843	4335	0	0	5	0.12	0.06
Mel285.D49B	894721.252948917	4335	0	0	3	0.07	0.05
Mel285.D49C	924193.456566537	4335	0	0	3	0.07	0.06
