thresholds	specificity	sensitivity	ppv
-0.358855654761905	0.957627118644068	0.982300884955752	0.956896551724138
