sample	n	total	mean	median	min	max
MP38.D28A	1060	-196.71466428001	-0.185579871962274	-0.126270967443153	-1.66790088410478	0.256178143435414
MP38.D28B	1060	-208.055542093754	-0.196278813295995	-0.139795779318184	-1.41704803129984	0.239807399304593
MP38.D28C	1060	-196.381391306536	-0.185265463496732	-0.12692279099818	-1.56668307394345	0.203626049776088
MP38.D65A	1060	-362.035557966838	-0.341542979213998	-0.203366704959923	-2.88079150315742	0.857769605508395
MP38.D65B	1060	-346.955523064675	-0.32731653119309	-0.19437009328453	-2.80937278115465	0.887219087592441
MP38.D65C	1060	-325.042325465658	-0.306643703269488	-0.16309688453416	-2.58902029937146	0.559047619286355
