sample	NNMD	Essential.Glass.Delta	max_essential	max_nonessential	max_unknown	mean_essential	mean_nonessential	mean_unknown	median_essential	median_nonessential	median_unknown	min_essential	min_nonessential	min_unknown	n_genes_essential	n_genes_nonessential	n_genes_unknown	total_genes
MP46.D28A	-1.276	1.690	0	0	0	-0.42	-0.16	-0.19	-0.307530316907744	-0.0803531719150095	-0.125504462742585	-1.71515136962825	-0.867326973603548	-1.50828552691633	113	118	829	1060
MP46.D28B	-1.101	1.604	0	0	0	-0.39	-0.17	-0.18	-0.303853265402933	-0.108513258777101	-0.113964021338725	-1.82597760227492	-0.904308123327791	-2.3583721464211	113	118	829	1060
MP46.D28C	-1.157	1.760	0	0	0	-0.44	-0.19	-0.22	-0.365491933152455	-0.1559212179672	-0.1512123885717	-1.39556331249457	-1.1314684044719	-1.76104913437663	113	118	829	1060
MP46.D64A	-0.523	3.352	0	0	0	-1.91	-1.47	-1.35	-1.77962488896665	-1.41187709003077	-1.23385405657317	-4.78894044417082	-4.02648854343207	-4.69806164512656	113	118	829	1060
MP46.D64B	-0.407	3.509	0	0	0	-1.77	-1.42	-1.36	-1.71081191932714	-1.29840316661973	-1.26169612757367	-5.68871618998532	-4.38377268220908	-5.76906694103583	113	118	829	1060
MP46.D64C	-0.534	3.883	-0.409888333143888	0	0	-1.92	-1.46	-1.42	-1.91397720774127	-1.35160794914036	-1.33430479624018	-4.61903158594828	-3.21475597818286	-4.37999377620484	113	118	829	1060
