sample	n	total	mean	median	min	max
control_mean	4335	1649615.8737502	380.534226931994	352.871980779657	35.6088344543756	3720.10122073172
MP46.D28A	4335	1506295.13966835	347.472927259136	326.365603528292	2.65262900271009	3720.10122073172
MP46.D28B	4335	1509992.88571617	348.325925194041	326.028094154491	12.2363288638679	3720.10122073172
MP46.D28C	4335	1491427.05121902	344.043149070132	322.839772523259	2.85788769586842	3720.10122073172
MP46.D64A	4335	959216.239464687	221.27248891919	176.59029920707	2.4809316804756	3720.10122073172
MP46.D64B	4335	961512.935719777	221.802291976881	178.387168119041	2.61146074744247	2757.66268355229
MP46.D64C	4335	942753.385716465	217.474829461699	169.091936891249	2.4578695161579	2797.30458927443
