sample	total_counts	total_sgrnas	zero_sgrnas	pct_zero_sgrnas	low_sgrnas	pct_low_sgrnas	gini_index
control_mean	1631919.8435102	4261	0	0	0	0	0.04
OMM25.D28A	1449443.20940653	4261	0	0	3	0.07	0.05
OMM25.D28B	1453698.21601663	4261	0	0	5	0.12	0.05
OMM25.D28C	1461053.60538665	4261	0	0	5	0.12	0.05
OMM25.D42A	1415316.50861427	4261	0	0	4	0.09	0.05
OMM25.D42B	1408063.39105358	4261	0	0	11	0.26	0.05
OMM25.D42C	1410494.6564409	4261	0	0	9	0.21	0.05
