sample	max_essential	max_nonessential	max_unknown	mean_essential	mean_nonessential	mean_unknown	median_essential	median_nonessential	median_unknown	min_essential	min_nonessential	min_unknown	n_genes_essential	n_genes_nonessential	n_genes_unknown	total_genes
control_mean	1020.93871358102	896.571281666169	3720.10122073172	357.12	288.57	400.05	338.093541047262	269.911296797664	368.611353066256	51.049340481628	41.327379674078	35.6088344543756	113	118	828	1059
MP46.D28A	990.991595464027	869.248572938503	3720.10122073172	295.34	269.12	368.71	278.515934039276	253.654427560398	345.360216528788	5.49255035887911	29.1382711922417	2.65262900271009	113	118	828	1059
MP46.D28B	1020.93871358102	896.571281666169	3720.10122073172	299.41	267.1	369.46	280.490376031725	251.768369718232	343.844793235309	12.2363288638679	15.9571069945517	12.768417775943	113	118	828	1059
MP46.D28C	876.772768038846	869.248572938503	3720.10122073172	292.6	266.65	364.97	277.613352257864	247.324421054158	342.707277507786	8.46054721851094	3.23281616277692	2.85788769586842	113	118	828	1059
MP46.D64A	878.617312702625	697.836448945867	3720.10122073172	173.79	172.09	236.74	113.194271902607	141.110273299676	193.896338625969	2.48559479973014	2.48680286970244	2.4809316804756	113	118	828	1059
MP46.D64B	876.772768038846	697.836448945867	2757.66268355229	183.99	165.81	236.88	130.089273412864	142.248571414936	195.300115932216	2.61831553457307	2.62038634871409	2.61146074744247	113	118	828	1059
MP46.D64C	1002.86100765092	869.248572938503	2797.30458927443	173.56	170.11	232.15	118.520725275092	132.054552979818	185.543327352535	2.45850723433123	2.46524039702943	2.4578695161579	113	118	828	1059
