sample	n	total	mean	median	min	max
MP46.D28A	1059	-219.630963742587	-0.207394677755039	-0.13772879329799	-1.71515136962825	0
MP46.D28B	1059	-212.156247936947	-0.200336400318174	-0.129139597987649	-2.3583721464211	0
MP46.D28C	1059	-253.890922068703	-0.239745913190466	-0.16557521672109	-1.76104913437663	0
MP46.D64A	1059	-1506.93805414402	-1.42298210967329	-1.30892561066622	-4.78894044417082	0
MP46.D64B	1059	-1492.48068829241	-1.4093302061307	-1.30950992709155	-5.76906694103583	0
MP46.D64C	1059	-1566.63899346407	-1.47935693433812	-1.37998602314411	-4.61903158594828	0
