sample	total_counts	total_sgrnas	zero_sgrnas	pct_zero_sgrnas	low_sgrnas	pct_low_sgrnas	gini_index
control_mean	3309583.6496989	8592	0	0	1	0.01	0.04
Mel285.D28A	4365178.19913483	8592	0	0	2	0.02	0.06
Mel285.D28B	4265459.37107013	8592	0	0	2	0.02	0.06
Mel285.D28C	4320497.44698666	8592	0	0	3	0.03	0.06
Mel285.D49A	2148651.88731144	8592	0	0	10	0.12	0.06
Mel285.D49B	1873003.3807037	8592	0	0	8	0.09	0.05
Mel285.D49C	1953446.41130713	8592	0	0	8	0.09	0.06
