sample	total_counts	total_sgrnas	zero_sgrnas	pct_zero_sgrnas	low_sgrnas	pct_low_sgrnas	gini_index
control_mean	1558371.60609793	4261	0	0	2	0.05	0.06
OMM23.D28A	1977844.21774348	4261	0	0	74	1.74	0.08
OMM23.D28B	1963721.40066777	4261	0	0	57	1.34	0.07
OMM23.D28C	1986793.80637725	4261	0	0	61	1.43	0.07
OMM23.D35A	1980417.69485105	4261	0	0	90	2.11	0.08
OMM23.D35B	1999235.30946205	4261	0	0	79	1.85	0.08
OMM23.D35C	2013240.02706771	4261	0	0	77	1.81	0.08
