sample	n	total	mean	median	min	max
control_mean	4335	1649615.8737502	380.534226931994	352.871980779657	35.6088344543756	3720.10122073172
Mel270.D28A	4335	1391883.80015698	321.080461397227	296.006598075271	11.1704754102737	3289.61297786139
Mel270.D28B	4335	1393344.37503506	321.41738755134	295.522461870332	19.1632628085619	3168.06984958425
Mel270.D28C	4335	1400292.87023833	323.020269951171	299.635253186112	10.9935000115719	2764.42030245638
Mel270.D35A	4335	1381383.75132492	318.658304803904	293.410528937211	12.101251302998	3242.00018705479
Mel270.D35B	4335	1381729.70398795	318.738109339781	292.853685087815	10.5838501153021	3212.44226645317
Mel270.D35C	4335	1386160.74494081	319.760264115527	293.310824373752	8.32238611810462	2816.20022901018
