sample	NNMD	Essential.Glass.Delta	max_essential	max_nonessential	max_unknown	mean_essential	mean_nonessential	mean_unknown	median_essential	median_nonessential	median_unknown	min_essential	min_nonessential	min_unknown	n_genes_essential	n_genes_nonessential	n_genes_unknown	total_genes
MP46.D28A	-3.468	2.608	-0.120582455709035	0	0	-0.8	-0.2	-0.26	-0.723491768779127	-0.164184820422698	-0.181688862313161	-2.05782773466173	-0.939116824850255	-1.70280333266819	113	118	829	1060
MP46.D28B	-3.374	2.273	0	0	0	-0.79	-0.2	-0.24	-0.662365900615482	-0.152980207529586	-0.175332782360189	-2.03649768655167	-0.796817495144703	-1.7976866561674	113	118	829	1060
MP46.D28C	-2.968	2.632	-0.0083643681575488	0	0	-0.84	-0.24	-0.29	-0.813132209533732	-0.17727606630226	-0.22473924639791	-2.16858912366224	-0.9428061007339	-2.19740813986072	113	118	829	1060
MP46.D64A	-1.578	5.112	-0.881075462557432	-0.266909991397487	0	-2.56	-1.56	-1.55	-2.37267423696177	-1.52992144407987	-1.4538590833164	-4.41097672236571	-4.12870304779978	-4.57888801734626	113	118	829	1060
MP46.D64B	-1.418	4.844	-0.672875717654944	-0.332276060374492	0	-2.52	-1.62	-1.55	-2.45122210914358	-1.55864675276172	-1.47797008483999	-4.74863800417939	-3.20450768210821	-4.67284616985525	113	118	829	1060
MP46.D64C	-1.594	5.209	-0.908231456906493	-0.0681390312219487	-0.064851567356061	-2.61	-1.59	-1.67	-2.61016106674597	-1.5460110621352	-1.5955234969308	-4.35655799075002	-3.19434116149161	-4.2163659588379	113	118	829	1060
