sample	n	total	mean	median	min	max
control_mean	8592	3309583.6496989	385.193627758252	354.234655819272	23.0478177677379	3720.10122073172
MP46.D28A	8592	2899181.44922661	337.42800852265	313.057752762114	2.64916596238739	3720.10122073172
MP46.D28B	8592	2921433.65633099	340.017883651186	315.200699340978	2.82976800449582	3720.10122073172
MP46.D28C	8592	2862869.48191074	333.201755343429	309.141537976608	2.47731683420112	3720.10122073172
MP46.D64A	8592	1787569.30873674	208.050431649993	152.664599180748	2.47677355881053	3720.10122073172
MP46.D64B	8592	1785668.63249748	207.829217003897	155.874610981163	2.60480197665715	2757.66268355229
MP46.D64C	8592	1721384.89307223	200.347403756079	140.670732420399	2.4502708121218	2797.30458927443
