sample	NNMD	Essential.Glass.Delta	max_essential	max_nonessential	max_unknown	mean_essential	mean_nonessential	mean_unknown	median_essential	median_nonessential	median_unknown	min_essential	min_nonessential	min_unknown	n_genes_essential	n_genes_nonessential	n_genes_unknown	total_genes
OMM1.D28A	-8.054	2.617	0	0	0	-0.84	-0.14	-0.22	-0.793936704909595	-0.131914718738324	-0.15772703173739	-1.81309079055457	-0.45673684257805	-1.90602556274508	113	118	828	1059
OMM1.D28B	-10.902	2.672	-0.0327702946068575	0	0	-0.79	-0.11	-0.19	-0.763740701939168	-0.105041174629677	-0.135322659484743	-1.59018973045913	-0.396871869621089	-1.53323571134681	113	118	828	1059
OMM1.D28C	-9.351	2.547	0	-0.000154242524152508	0	-0.79	-0.11	-0.2	-0.769381000392726	-0.094085830386992	-0.131877294951924	-1.68431581064893	-0.381182855522416	-1.54676487909195	113	118	828	1059
OMM1.D35A	-8.356	2.735	-0.0483584567473945	0	0	-0.95	-0.17	-0.25	-0.912852102542766	-0.152303668851431	-0.181166570845668	-2.02980167536554	-0.481076535710811	-1.84357967752367	113	118	828	1059
OMM1.D35B	-9.374	2.691	0	0	0	-0.9	-0.13	-0.22	-0.895858713547953	-0.121602806948004	-0.146100024859653	-1.85444732413608	-0.437459019590479	-1.50197008673857	113	118	828	1059
OMM1.D35C	-8.760	2.566	0	0	0	-0.9	-0.13	-0.23	-0.889903377576494	-0.101568721767684	-0.148343888663109	-1.91310180954676	-0.396157472203686	-1.7597559618666	113	118	828	1059
