sample	n	total	mean	median	min	max
control_mean	4261	1558371.60609793	365.729079112397	325.193892306712	27.4191329688964	3529.73986215839
OMM1.D28A	4261	1328406.58151339	311.759347926164	273.685016077395	14.6657120317671	3389.83095872284
OMM1.D28B	4261	1342588.91251751	315.087752292304	277.834739374176	20.1439926264688	3319.65367010154
OMM1.D28C	4261	1343059.07580126	315.198093358663	276.948210359532	13.8851137298281	3331.28032799238
OMM1.D35A	4261	1305314.55663903	306.339956967621	268.152069633855	13.0371915957409	3529.73986215839
OMM1.D35B	4261	1324424.945935	310.824911038488	271.961534045044	15.1360588098321	3335.47659605423
OMM1.D35C	4261	1319501.07173405	309.669343284216	273.170101183867	13.7956474147015	3250.28222339694
