thresholds	specificity	sensitivity	ppv
-0.223270833333333	0.966101694915254	0.79646017699115	0.957446808510638
