sample	total_counts	total_sgrnas	zero_sgrnas	pct_zero_sgrnas	low_sgrnas	pct_low_sgrnas	gini_index
control_mean	1558371.60609793	4261	0	0	2	0.05	0.06
MP41.D28A	1271026.65711735	4261	0	0	8	0.19	0.06
MP41.D28B	1257620.75500806	4261	0	0	15	0.35	0.06
MP41.D28C	1276963.63533267	4261	0	0	16	0.38	0.06
MP41.D32A	1265632.49798287	4261	0	0	11	0.26	0.06
MP41.D32B	1259370.6720895	4261	0	0	13	0.31	0.06
MP41.D32C	1264251.09234165	4261	0	0	16	0.38	0.06
