sample	total_counts	total_sgrnas	zero_sgrnas	pct_zero_sgrnas	low_sgrnas	pct_low_sgrnas	gini_index
control_mean	3089523.99090013	8592	0	0	7	0.08	0.06
MP41.D28A	2428512.11678523	8592	0	0	48	0.56	0.07
MP41.D28B	2425802.74075275	8592	0	0	67	0.78	0.07
MP41.D28C	2413384.59772823	8592	0	0	62	0.72	0.07
MP41.D32A	2407464.72779439	8592	0	0	73	0.85	0.07
MP41.D32B	2412692.53340564	8592	0	0	68	0.79	0.07
MP41.D32C	2402349.41050785	8592	0	0	83	0.97	0.07
