sample	total_counts	total_sgrnas	zero_sgrnas	pct_zero_sgrnas	low_sgrnas	pct_low_sgrnas	gini_index
control_mean	1558371.60609793	4261	0	0	2	0.05	0.06
OMM1.D28A	1350744.17355275	4261	0	0	14	0.33	0.06
OMM1.D28B	1359519.14879832	4261	0	0	9	0.21	0.06
OMM1.D28C	1362827.23860342	4261	0	0	14	0.33	0.06
OMM1.D35A	1338370.49477809	4261	0	0	14	0.33	0.07
OMM1.D35B	1350569.07801471	4261	0	0	11	0.26	0.06
OMM1.D35C	1349962.15702542	4261	0	0	15	0.35	0.06
