sample	NNMD	Essential.Glass.Delta	max_essential	max_nonessential	max_unknown	mean_essential	mean_nonessential	mean_unknown	median_essential	median_nonessential	median_unknown	min_essential	min_nonessential	min_unknown	n_genes_essential	n_genes_nonessential	n_genes_unknown	total_genes
OMM25.D28A	-10.689	3.015	-0.265898253829641	0.247875773562247	0.480828140228269	-1.03	-0.03	-0.18	-1.02079164896694	-0.025832109626018	-0.107010370676585	-1.73735536883943	-0.291717464269443	-1.84333816407106	113	118	829	1060
OMM25.D28B	-12.058	2.951	-0.217625270108315	0.132110036401666	0.458887640743131	-1.03	-0.02	-0.17	-0.985069119927451	-0.0256550593289115	-0.0968896246034442	-1.95022683696804	-0.260976892078318	-1.45135323408369	113	118	829	1060
OMM25.D28C	-12.461	2.858	-0.195128622257652	0.197098309251408	0.455592044386013	-0.99	-0.01	-0.16	-0.967132262435394	-0.0141832118312554	-0.0829228502250189	-2.00372707266258	-0.179303290121442	-1.76295336513979	113	118	829	1060
OMM25.D42A	-8.477	3.257	-0.166666207459562	0.401534891455189	0.761910525727122	-1.16	-0.03	-0.21	-1.16216115049852	-0.0268442054863803	-0.11324229601238	-1.97122397440888	-0.330201699157742	-2.15026981012361	113	118	829	1060
OMM25.D42B	-9.809	3.043	-0.253447104623888	0.248307155287454	0.803263816753398	-1.25	-0.03	-0.22	-1.22072801279568	-0.0268789486652635	-0.121270898060557	-2.29942002741421	-0.421736028446535	-1.78030666188697	113	118	829	1060
OMM25.D42C	-10.229	3.187	-0.251286418739394	0.250709203864205	0.747149782783802	-1.22	-0.04	-0.21	-1.21110300915724	-0.0337607362764148	-0.120320916159094	-2.18289609505166	-0.330024371253396	-2.14352947685881	113	118	829	1060
