sample	max_essential	max_nonessential	max_unknown	mean_essential	mean_nonessential	mean_unknown	median_essential	median_nonessential	median_unknown	min_essential	min_nonessential	min_unknown	n_genes_essential	n_genes_nonessential	n_genes_unknown	total_genes
control_mean	1083.98926606839	1113.93020804736	3720.10122073172	362.72	287.22	402.14	337.70799847377	265.360950216973	368.497323226416	37.0624349850133	23.0478177677379	34.6450506372963	113	118	829	1060
OMM25.D28A	700.535285839981	1396.95243776825	3724.74006463363	203.65	289.19	369.45	174.310606066538	261.978075145529	334.178883160004	15.5086119938797	23.7123179160789	17.9078644980134	113	118	829	1060
OMM25.D28B	716.236870940038	1450.82833170318	3631.17363778257	202.31	288.86	369.68	173.060345663964	263.226899016904	336.293225556623	16.8429861328939	25.5992053958873	23.2550726807029	113	118	829	1060
OMM25.D28C	764.244251635499	1289.79711215099	3620.10354104251	204.47	290.32	372.59	176.326969414821	271.79075506738	339.633726643459	15.9641619033063	22.0077062933325	11.889345447346	113	118	829	1060
OMM25.D42A	697.416747617735	1466.55167960203	3971.09708705723	188.87	290.87	369.07	161.755529027201	265.164121651097	331.657931210846	11.4739776621786	28.9580078003169	14.0480051709855	113	118	829	1060
OMM25.D42B	769.994008936357	1628.74956445903	3586.87614184906	180.88	290.13	366.36	157.772925040676	269.31903988193	330.113592229312	10.3269058813904	16.1683516179911	16.8655820160364	113	118	829	1060
OMM25.D42C	791.385210869606	1221.99129749751	3644.3872319298	182.19	288.54	367.52	154.752826266472	268.727824699474	331.897428386863	12.5485379085159	18.9231532247174	12.3089565557239	113	118	829	1060
