sample	n	total	mean	median	min	max
control_mean	8592	3309583.6496989	385.193627758252	354.234655819272	23.0478177677379	3720.10122073172
OMM25.D28A	8592	2947622.63585486	343.065949238229	310.707735942092	15.5086119938797	3724.74006463363
OMM25.D28B	8592	2947655.16499471	343.069735218193	312.052544609985	16.8429861328939	3631.17363778257
OMM25.D28C	8592	2970598.65256518	345.740066639337	314.772572134563	11.889345447346	3620.10354104251
OMM25.D42A	8592	2933344.12406732	341.40411127413	307.355793761537	11.4739776621786	3971.09708705723
OMM25.D42B	8592	2907106.63279138	338.350399533448	304.75618418322	10.3269058813904	3586.87614184906
OMM25.D42C	8592	2914611.23974445	339.22384075238	305.313214959564	12.3089565557239	3644.3872319298
