thresholds	specificity	sensitivity	ppv
0.102854166666667	0.966101694915254	0.690265486725664	0.951219512195122
