thresholds	specificity	sensitivity	ppv
0.188614583333333	0.974576271186441	0.539823008849557	0.953125
