sample	total_counts	total_sgrnas	zero_sgrnas	pct_zero_sgrnas	low_sgrnas	pct_low_sgrnas	gini_index
control_mean	3309583.6496989	8592	0	0	1	0.01	0.04
MP46.D28A	3571120.33280615	8592	0	0	121	1.41	0.08
MP46.D28B	3631194.08668623	8592	0	0	136	1.58	0.08
MP46.D28C	3577139.10498554	8592	0	0	175	2.04	0.09
MP46.D64A	3795014.13883168	8592	0	0	1756	20.44	0.2
MP46.D64B	3843751.00772471	8592	0	0	1780	20.72	0.2
MP46.D64C	3424332.52454397	8592	0	0	1950	22.7	0.2
