sample	max_essential	max_nonessential	max_unknown	mean_essential	mean_nonessential	mean_unknown	median_essential	median_nonessential	median_unknown	min_essential	min_nonessential	min_unknown	n_genes_essential	n_genes_nonessential	n_genes_unknown	total_genes
control_mean	1384.58579630835	1692.39890823246	3529.73986215839	340.15	285.06	372.79	289.295674898748	242.778185333443	316.205445936226	27.5377246684356	25.5414381820316	23.9696468843586	113	118	829	1060
MP41.D28A	671.432330533079	1666.55698396725	3174.91448805462	179.17	247.63	306.26	147.682898631514	213.019707958804	264.093542612219	12.6300142183787	29.5124620571278	12.7372105856043	113	118	829	1060
MP41.D28B	712.913651395653	1479.77551663172	2986.97428145693	178.54	247.9	306.46	147.409494357932	214.518354773449	263.223534490631	11.9877609517151	19.4096301032296	16.2805895649168	113	118	829	1060
MP41.D28C	865.907572360334	1413.87080934482	3175.15321296049	176.3	246.61	304.84	136.298218840384	209.971872127971	259.418557286936	12.0704813016078	13.0406965447572	12.4574946381788	113	118	829	1060
MP41.D32A	661.201292377302	1695.24433463902	3277.57205372116	172.74	248.75	305.78	139.283390422144	217.262216684789	261.632456598655	11.6846973897056	18.8878562271952	10.0892892393467	113	118	829	1060
MP41.D32B	724.066236515862	1528.4281594527	3206.18334007002	173.74	249.77	306.63	141.843812512039	215.544166370601	263.161508489687	12.540592343974	12.7820495782067	13.1606554880343	113	118	829	1060
MP41.D32C	847.418381923074	1361.27096363012	3169.10870865994	171.8	248.57	306.35	134.962029012288	215.231966896085	262.787124361052	11.9906224496625	14.2141358584733	12.6978612160634	113	118	829	1060
