sample	NNMD	Essential.Glass.Delta	max_essential	max_nonessential	max_unknown	mean_essential	mean_nonessential	mean_unknown	median_essential	median_nonessential	median_unknown	min_essential	min_nonessential	min_unknown	n_genes_essential	n_genes_nonessential	n_genes_unknown	total_genes
MP41.D28A	-8.374	3.695	-0.142199303504748	0.0521271978943274	0.471709171235962	-1.04	-0.2	-0.3	-1.04049250076988	-0.191433389802803	-0.240387077769214	-2.01764039048855	-0.521323629880436	-1.90298376740911	113	118	829	1060
MP41.D28B	-8.642	3.538	-0.167433927403212	0.117759150024974	0.420841809273967	-1.07	-0.19	-0.3	-1.07082382172318	-0.199534651231817	-0.233819993070526	-1.98673927380738	-0.513128207722048	-1.7053134008063	113	118	829	1060
MP41.D28C	-9.341	3.837	-0.323432125749316	0.0107388716714721	0.462826429770269	-1.1	-0.22	-0.33	-1.08060007278998	-0.229277437153729	-0.264321096419559	-1.94546173004117	-0.446938219176575	-1.64574425415595	113	118	829	1060
MP41.D32A	-8.216	3.711	-0.188663579903804	0.0218694411226101	0.507725398349631	-1.13	-0.2	-0.32	-1.11524376136752	-0.190642809340099	-0.244828389358456	-2.06235296087776	-0.537807965451129	-2.06124501067594	113	118	829	1060
MP41.D32B	-8.751	3.390	-0.118360303754189	0.0912659014302045	0.480947894655465	-1.14	-0.19	-0.31	-1.12812817710543	-0.188475099372409	-0.23712423163662	-2.22990128695272	-0.435017135447734	-1.80605620373157	113	118	829	1060
MP41.D32C	-8.663	3.568	-0.324076362471205	0.0251574744248154	0.542293658280395	-1.15	-0.2	-0.32	-1.10759359099452	-0.20589174704696	-0.242090191599595	-2.04331922914373	-0.522103612558711	-1.9030786858813	113	118	829	1060
