sample	n	total	mean	median	min	max
control_mean	8592	3089523.99090013	359.58147007683	304.507213991716	23.9696468843586	3529.73986215839
MP41.D28A	8592	2460360.2002219	286.354771906646	245.670805433845	12.6300142183787	3174.91448805462
MP41.D28B	8592	2461407.38109187	286.476650499519	246.439263028036	11.9877609517151	2986.97428145693
MP41.D28C	8592	2447280.48525538	284.832458712219	240.695019082406	12.0704813016078	3175.15321296049
MP41.D32A	8592	2452423.14380402	285.430999046092	242.515099100741	10.0892892393467	3277.57205372116
MP41.D32B	8592	2460014.16767624	286.314498100121	246.353965973105	12.540592343974	3206.18334007002
MP41.D32C	8592	2455256.14885067	285.760724959343	244.210206364026	11.9906224496625	3169.10870865994
