sample	total_counts	total_sgrnas	zero_sgrnas	pct_zero_sgrnas	low_sgrnas	pct_low_sgrnas	gini_index
control_mean	1558371.60609793	4261	0	0	2	0.05	0.06
MP38.D28A	1361776.43854785	4261	0	0	9	0.21	0.06
MP38.D28B	1356119.91245185	4261	0	0	8	0.19	0.06
MP38.D28C	1353863.14043761	4261	0	0	7	0.16	0.06
MP38.D65A	1242557.52039106	4261	0	0	52	1.22	0.07
MP38.D65B	1243802.89240374	4261	0	0	39	0.92	0.07
MP38.D65C	1260563.47862837	4261	0	0	51	1.2	0.07
