sample	total_counts	total_sgrnas	zero_sgrnas	pct_zero_sgrnas	low_sgrnas	pct_low_sgrnas	gini_index
control_mean	1649615.8737502	4335	0	0	0	0	0.04
OMM25.D28A	2093801.20519613	4335	0	0	63	1.45	0.07
OMM25.D28B	2090336.86257131	4335	0	0	80	1.85	0.08
OMM25.D28C	2117596.59011859	4335	0	0	68	1.57	0.07
OMM25.D42A	2188152.43072806	4335	0	0	105	2.42	0.09
OMM25.D42B	2113043.08095375	4335	0	0	141	3.25	0.09
OMM25.D42C	2163828.18179555	4335	0	0	130	3	0.09
