sample	max_essential	max_nonessential	max_unknown	mean_essential	mean_nonessential	mean_unknown	median_essential	median_nonessential	median_unknown	min_essential	min_nonessential	min_unknown	n_genes_essential	n_genes_nonessential	n_genes_unknown	total_genes
control_mean	1083.98926606839	1113.93020804736	3720.10122073172	362.72	287.22	402.14	337.70799847377	265.360950216973	368.497323226416	37.0624349850133	23.0478177677379	34.6450506372963	113	118	829	1060
Mel202.D28A	867.60655530196	1113.93020804736	3573.11755213558	176.92	269.05	346.05	148.782888314722	245.230585581127	317.241931789096	12.0177156603521	10.5530017132724	20.6343783721475	113	118	829	1060
Mel202.D28B	822.503258092183	1113.93020804736	3600.5834941712	193.18	266.31	347.24	169.432339051122	242.871036473761	320.25990547941	13.4875496254313	21.3541045985356	22.1727501047426	113	118	829	1060
Mel202.D28C	765.954133529334	1113.93020804736	3386.84531281332	194.93	265.36	346.95	169.575372767889	243.631174401209	320.167553190038	16.6871014775249	10.5440792825098	24.5511767848078	113	118	829	1060
