sample	NNMD	Essential.Glass.Delta	max_essential	max_nonessential	max_unknown	mean_essential	mean_nonessential	mean_unknown	median_essential	median_nonessential	median_unknown	min_essential	min_nonessential	min_unknown	n_genes_essential	n_genes_nonessential	n_genes_unknown	total_genes
Mel202.D28A	-14.934	3.233	-0.196215706945102	-0.017900941592839	0	-1.27	-0.11	-0.27	-1.24154839568993	-0.0951119309431228	-0.142549623488785	-2.3015038643198	-0.453126012572497	-2.0863544054786	113	118	829	1060
Mel202.D28B	-12.802	3.281	-0.221014771013017	-0.0194003720495902	0	-1.1	-0.12	-0.26	-1.07723199601443	-0.101172993048198	-0.148254041386256	-2.09039588898595	-0.344365606678772	-1.81075050839202	113	118	829	1060
Mel202.D28C	-12.481	3.324	-0.223083586249341	-0.00399994578607191	0	-1.1	-0.13	-0.26	-1.04475490659735	-0.117993105265949	-0.153050255894212	-2.12280284878368	-0.4014088919815	-1.77495356458268	113	118	829	1060
