sample	n	total	mean	median	min	max
control_mean	8592	3309583.6496989	385.193627758252	354.234655819272	23.0478177677379	3720.10122073172
Mel202.D28A	8592	2746707.94933437	319.68202389832	293.865919166763	10.5530017132724	3573.11755213558
Mel202.D28B	8592	2766759.24863845	322.01574122887	296.927385083882	13.4875496254313	3600.5834941712
Mel202.D28C	8592	2765469.32235124	321.865610143301	297.496420635416	10.5440792825098	3386.84531281332
