sample	NNMD	Essential.Glass.Delta	max_essential	max_nonessential	max_unknown	mean_essential	mean_nonessential	mean_unknown	median_essential	median_nonessential	median_unknown	min_essential	min_nonessential	min_unknown	n_genes_essential	n_genes_nonessential	n_genes_unknown	total_genes
MP41.D28A	-3.173	2.658	0.0565354455920513	0.122369427308649	0.233817443877007	-0.61	-0.19	-0.23	-0.590621216888221	-0.19386764691435	-0.212864172373875	-1.45748954392725	-0.625792434423991	-1.05374768662149	113	118	828	1059
MP41.D28B	-3.165	2.487	0.108077308998089	0.131856500379406	0.150862880758353	-0.65	-0.21	-0.25	-0.588747302967795	-0.21186613193934	-0.225448273789784	-1.63866561472147	-0.673820258035829	-1.35526811390782	113	118	828	1059
MP41.D28C	-3.947	2.612	-0.05542348710501	0.109458380775755	0.407041452326874	-0.64	-0.19	-0.24	-0.614696538405799	-0.187691759758698	-0.214004367748836	-1.64962396586108	-0.561044145014176	-1.23255058454079	113	118	828	1059
MP41.D32A	-3.200	2.514	0.118837743221873	0.144682761166685	0.299942637871953	-0.66	-0.19	-0.24	-0.659310687213535	-0.187330896444845	-0.208166535910248	-1.62223991185871	-0.69088749687773	-1.15815240396017	113	118	828	1059
MP41.D32B	-3.076	2.368	0.0632675854982189	0.147677259181449	0.226844390693455	-0.69	-0.2	-0.25	-0.606846090827371	-0.186933922033593	-0.215185674461675	-1.68417632232358	-0.757804976169732	-1.36505647616538	113	118	828	1059
MP41.D32C	-3.637	2.358	0.00546853566871284	0.104047187422382	0.498292138387983	-0.68	-0.19	-0.24	-0.652933935695039	-0.186694151084489	-0.206875469981828	-1.73781690686539	-0.658084817511404	-1.5477165875575	113	118	828	1059
