sample	max_essential	max_nonessential	max_unknown	mean_essential	mean_nonessential	mean_unknown	median_essential	median_nonessential	median_unknown	min_essential	min_nonessential	min_unknown	n_genes_essential	n_genes_nonessential	n_genes_unknown	total_genes
control_mean	1051.51579554276	1174.21957846963	3529.73986215839	341.51	297.44	378.82	303.407884435933	266.259047871995	336.726338811593	33.0189334620668	32.9393229355718	27.4191329688964	113	118	828	1059
MP41.D28A	671.432330533079	998.469628657636	3174.91448805462	224.89	257.01	319.1	204.228509783977	235.03362072539	286.324230210588	23.0554375178771	30.8981733616446	14.1642797098526	113	118	828	1059
MP41.D28B	694.681451328894	933.110367233567	2986.97428145693	222.59	254	315.85	198.392309750841	235.729706777175	280.298819112312	17.9531423065535	19.4096301032296	20.5102586195187	113	118	828	1059
MP41.D28C	676.08393445571	1014.64167347921	3175.15321296049	224.11	260.38	321.06	194.21322582524	233.987849785247	286.996120570269	25.2208534191425	19.3731362866635	12.4574946381788	113	118	828	1059
MP41.D32A	661.201292377302	1040.37303076839	3277.57205372116	220.22	258.43	320	195.659952855394	235.32754407223	285.731026965886	12.4222125752363	25.6862076047017	13.19636748678	113	118	828	1059
MP41.D32B	724.066236515862	910.587727492437	3206.18334007002	218.9	257.22	318.09	195.787120357916	234.137581434238	284.980004452815	18.7810751204236	12.7820495782067	22.889215030434	113	118	828	1059
MP41.D32C	680.421922954281	967.258550042107	3169.10870865994	218.62	259.19	320.94	197.498781394344	233.365152368536	286.554297261134	16.6709110007546	24.2464526478155	12.6978612160634	113	118	828	1059
