sample	n	total	mean	median	min	max
control_mean	4261	1558371.60609793	365.729079112397	325.193892306712	27.4191329688964	3529.73986215839
MP41.D28A	4261	1287413.76939319	302.138880402062	269.394002513583	14.1642797098526	3174.91448805462
MP41.D28B	4261	1274106.0584725	299.015737731166	265.586381219033	17.9531423065535	2986.97428145693
MP41.D28C	4261	1295220.73105846	303.971070419729	270.195349930072	12.4574946381788	3175.15321296049
MP41.D32A	4261	1289002.79956551	302.511804638703	269.713808958501	12.4222125752363	3277.57205372116
MP41.D32B	4261	1281447.60748228	300.738701591712	267.6230878962	12.7820495782067	3206.18334007002
MP41.D32C	4261	1291764.53061896	303.159946167322	269.73797116545	12.6978612160634	3169.10870865994
