sample	total_counts	total_sgrnas	zero_sgrnas	pct_zero_sgrnas	low_sgrnas	pct_low_sgrnas	gini_index
control_mean	1649615.8737502	4335	0	0	0	0	0.04
MP46.D28A	1912272.18567546	4335	0	0	24	0.55	0.08
MP46.D28B	1907368.87925078	4335	0	0	30	0.69	0.07
MP46.D28C	1906683.21271279	4335	0	0	52	1.2	0.08
MP46.D64A	2183253.87006494	4335	0	0	725	16.72	0.18
MP46.D64B	2122051.99558764	4335	0	0	699	16.12	0.18
MP46.D64C	1984119.73982161	4335	0	0	767	17.69	0.18
