sample	n	total	mean	median	min	max
control_mean	4335	1572418.97998913	362.72640830199	322.329585248709	27.4191329688964	3529.73986215839
MP38.D28A	4335	2012514.02849167	464.247757437525	406.325846620151	4.22442262499325	6242.71625985703
MP38.D28B	4335	1986500.12041463	458.246855920329	404.837913644824	6.26416810607937	6531.80668625237
MP38.D28C	4335	1995480.24813176	460.318396339506	409.876051772243	5.25963509637766	6346.21431652939
MP38.D65A	4335	2148108.09289642	495.526665028009	355.878358768071	2.59025680453223	9106.99731465482
MP38.D65B	4335	2165693.29146267	499.58322755771	368.954318005186	2.50526030277554	7141.32137839169
MP38.D65C	4335	2203199.45884153	508.235169282937	381.338169618326	2.74939298823398	7859.26769004241
