thresholds	specificity	sensitivity	ppv
-1.03648958333333	0.957627118644068	0.991150442477876	0.957264957264957
