sample	total_counts	total_sgrnas	zero_sgrnas	pct_zero_sgrnas	low_sgrnas	pct_low_sgrnas	gini_index
control_mean	1649615.8737502	4335	0	0	0	0	0.04
Mel285.D28A	1610378.44444753	4335	0	0	610	14.07	0.16
Mel285.D28B	1484900.72041642	4335	0	0	659	15.2	0.16
Mel285.D28C	1565329.95766281	4335	0	0	689	15.89	0.17
Mel285.D49A	560687.482155215	4335	0	0	3340	77.05	0.3
Mel285.D49B	1141118.00728377	4335	0	0	3869	89.25	0.24
Mel285.D49C	355456.659959708	4335	0	0	3650	84.2	0.3
