thresholds	specificity	sensitivity	ppv
-0.3539375	0.966101694915254	0.79646017699115	0.957446808510638
