sample	total_counts	total_sgrnas	zero_sgrnas	pct_zero_sgrnas	low_sgrnas	pct_low_sgrnas	gini_index
control_mean	3089523.99090013	8592	0	0	7	0.08	0.06
MP41.D28A	3832169.29571247	8592	0	0	208	2.42	0.08
MP41.D28B	3848353.17186311	8592	0	0	221	2.57	0.08
MP41.D28C	3806078.75290757	8592	0	0	244	2.84	0.09
MP41.D32A	3860878.84720785	8592	0	0	259	3.01	0.09
MP41.D32B	3893618.62337675	8592	0	0	277	3.22	0.09
MP41.D32C	3894551.59258335	8592	0	0	290	3.38	0.09
