sample	total_counts	total_sgrnas	zero_sgrnas	pct_zero_sgrnas	low_sgrnas	pct_low_sgrnas	gini_index
control_mean	1572418.97998913	4335	0	0	3	0.07	0.06
OMM23.D28A	1346475.17893075	4335	0	0	13	0.3	0.06
OMM23.D28B	1340198.81270737	4335	0	0	12	0.28	0.06
OMM23.D28C	1351597.83428572	4335	0	0	13	0.3	0.06
OMM23.D35A	1332665.71970171	4335	0	0	14	0.32	0.06
OMM23.D35B	1340834.22155241	4335	0	0	15	0.35	0.06
OMM23.D35C	1346162.53388437	4335	0	0	15	0.35	0.06
