sample	NNMD	Essential.Glass.Delta	max_essential	max_nonessential	max_unknown	mean_essential	mean_nonessential	mean_unknown	median_essential	median_nonessential	median_unknown	min_essential	min_nonessential	min_unknown	n_genes_essential	n_genes_nonessential	n_genes_unknown	total_genes
MP46.D28A	-2.849	1.829	-0.0645641655238957	0.945026288298079	1.5346383864592	-0.92	0.08	-0.15	-0.852516457942699	0.140259373328213	-0.104573238141031	-2.41480362674209	-1.05697946936659	-2.01959365992855	113	118	829	1060
MP46.D28B	-2.624	1.605	0.534814864071455	0.82895317011252	1.56113353419311	-0.9	0.03	-0.11	-0.827579586839911	0.0732923720171312	-0.0560574999687664	-2.24554885504311	-0.924628829944248	-1.92599568080215	113	118	829	1060
MP46.D28C	-2.422	2.000	0.113076696644822	0.877444807829876	1.61222459392697	-0.94	-0.01	-0.18	-0.880751533790112	0.0319373563440438	-0.130350880886836	-2.30478029617309	-1.01908358297001	-2.5330155603762	113	118	829	1060
MP46.D64A	-1.424	4.622	-0.317673059779603	0.689436065197535	2.65375588217586	-2.65	-1.46	-1.52	-2.53052644750278	-1.39354140496421	-1.4745525519951	-4.71955060238373	-4.44675815319443	-4.89059501135894	113	118	829	1060
MP46.D64B	-1.219	4.168	-0.0916100064684461	1.28700572225951	1.52452077180638	-2.59	-1.58	-1.52	-2.46683955381386	-1.62394199211364	-1.48460091245741	-5.04784436926811	-3.48660771542523	-4.9815531603866	113	118	829	1060
MP46.D64C	-1.433	4.651	-0.383565766376518	0.407549966883051	2.13264042931356	-2.73	-1.56	-1.68	-2.75620865880851	-1.52172612556382	-1.65061582215877	-4.6796498374056	-3.53189689057369	-4.53932766139625	113	118	829	1060
