sample	max_essential	max_nonessential	max_unknown	mean_essential	mean_nonessential	mean_unknown	median_essential	median_nonessential	median_unknown	min_essential	min_nonessential	min_unknown	n_genes_essential	n_genes_nonessential	n_genes_unknown	total_genes
control_mean	1083.98926606839	1113.93020804736	3720.10122073172	362.72	287.22	402.14	337.70799847377	265.360950216973	368.497323226416	37.0624349850133	23.0478177677379	34.6450506372963	113	118	829	1060
MP46.D28A	2043.64172188265	2845.22626451841	4708.42926809428	267.26	380.34	440.58	192.80147353367	290.646303981591	352.588466122901	2.0918514164953	2.07560909346067	2.08687387629193	113	118	829	1060
MP46.D28B	2104.63920073582	3239.08549251333	4686.50599143424	278.18	360.69	450.83	200.122122200769	286.226649870303	365.762798444938	2.22956619202132	4.35727237659901	2.22891086220874	113	118	829	1060
MP46.D28C	1655.93666977555	2650.35395889876	4232.58113379388	270.82	360.05	443.88	188.200903096183	293.242858387746	352.4271628201	1.96841518678179	2.55061766134185	2.24019912673577	113	118	829	1060
MP46.D64A	9376.60013437223	24964.3486507963	69388.1664936937	265.46	442.61	465.23	57.0292586448333	97.1706921523662	137.765076612388	1.97120844891791	1.96679116039438	1.97038032371911	113	118	829	1060
MP46.D64B	11306.9098080626	20766.2042455932	80228.1112631218	299.44	339.35	482.59	55.0631582177405	87.5744614250124	137.865148913115	2.07411884739334	2.06947094656578	2.07299242494724	113	118	829	1060
MP46.D64C	9433.68862005446	23133.0730146599	33911.9550945124	226.96	335.2	430.6	53.4997404457323	94.6546500572859	121.247809427902	1.94791017494501	1.94354509561239	1.94685229451215	113	118	829	1060
