sample	n	total	mean	median	min	max
control_mean	8592	3309583.6496989	385.193627758252	354.234655819272	23.0478177677379	3720.10122073172
MP46.D28A	8592	3571120.33280615	415.633185848016	328.589265717706	2.07560909346067	4708.42926809428
MP46.D28B	8592	3631194.08668623	422.62501008918	339.359972409119	2.22891086220874	4686.50599143424
MP46.D28C	8592	3577139.10498554	416.333694714331	329.24524700368	1.96841518678179	4232.58113379388
MP46.D64A	8592	3795014.13883168	441.691589715047	120.453250604465	1.96679116039438	69388.1664936937
MP46.D64B	8592	3843751.00772471	447.363944102038	122.754543249621	2.06947094656578	80228.1112631218
MP46.D64C	8592	3424332.52454397	398.54894373184	109.402794352171	1.94354509561239	33911.9550945124
