sample	total_counts	total_sgrnas	zero_sgrnas	pct_zero_sgrnas	low_sgrnas	pct_low_sgrnas	gini_index
control_mean	3309583.6496989	8592	0	0	1	0.01	0.04
OMM25.D28A	2830229.6541318	8592	0	0	23	0.27	0.05
OMM25.D28B	2839097.53692371	8592	0	0	23	0.27	0.05
OMM25.D28C	2862333.41812961	8592	0	0	23	0.27	0.05
OMM25.D42A	2759960.58199516	8592	0	0	24	0.28	0.06
OMM25.D42B	2746876.16611637	8592	0	0	49	0.57	0.06
OMM25.D42C	2753359.63847441	8592	0	0	45	0.52	0.06
