thresholds	specificity	sensitivity	ppv
-0.219895833333333	0.957627118644068	0.867256637168142	0.951456310679612
