sample	total_counts	total_sgrnas	zero_sgrnas	pct_zero_sgrnas	low_sgrnas	pct_low_sgrnas	gini_index
control_mean	1631919.8435102	4261	0	0	0	0	0.04
Mel202.D28A	1453646.49184107	4261	0	0	9	0.21	0.05
Mel202.D28B	1470415.42972066	4261	0	0	5	0.12	0.05
Mel202.D28C	1466754.49257125	4261	0	0	4	0.09	0.05
