sample	total_counts	total_sgrnas	zero_sgrnas	pct_zero_sgrnas	low_sgrnas	pct_low_sgrnas	gini_index
control_mean	3089523.99090013	8592	0	0	7	0.08	0.06
X921.D28A	2376732.69817943	8592	0	0	41	0.48	0.06
X921.D28B	2373851.19551765	8592	0	0	42	0.49	0.07
X921.D28C	2365929.35874414	8592	0	0	51	0.59	0.07
X921.D42A	2337933.13513411	8592	0	0	121	1.41	0.07
X921.D42B	2343121.33949321	8592	0	0	121	1.41	0.07
X921.D42C	2330006.62025507	8592	0	0	127	1.48	0.08
