sample	NNMD	Essential.Glass.Delta	max_essential	max_nonessential	max_unknown	mean_essential	mean_nonessential	mean_unknown	median_essential	median_nonessential	median_unknown	min_essential	min_nonessential	min_unknown	n_genes_essential	n_genes_nonessential	n_genes_unknown	total_genes
Mel202.D28A	-8.044	1.909	-0.0219067057424148	0.186384897129928	0.521471719380377	-0.81	-0.03	-0.16	-0.743340612694078	-0.0195300426815076	-0.0954664334697086	-2.16824884680309	-0.29669132767751	-2.2803914118371	113	118	828	1059
Mel202.D28B	-5.414	1.830	0.0471007357450814	0.18175323506058	0.406417055342604	-0.62	-0.04	-0.14	-0.568492519814556	-0.0504281006296238	-0.0908623866423345	-1.85592682927541	-0.418409542753806	-1.49387776453151	113	118	828	1059
Mel202.D28C	-5.274	1.939	-0.00159981938015641	0.154844063444609	0.324282099426848	-0.61	-0.07	-0.14	-0.516701223748999	-0.0627851532961423	-0.103942289588593	-1.77619883825702	-0.367574852804631	-1.4268553345523	113	118	828	1059
