sample	n	total	mean	median	min	max
control_mean	4261	1631919.8435102	382.989871746117	355.110494236746	35.6088344543756	3720.10122073172
Mel202.D28A	4261	1453646.49184107	341.151488345709	315.378250480551	14.7151147054784	3573.11755213558
Mel202.D28B	4261	1470415.42972066	345.086934926228	320.049958597681	20.1377071884331	3600.5834941712
Mel202.D28C	4261	1466754.49257125	344.227761692384	323.023387776255	16.9651161749387	3386.84531281332
