thresholds	specificity	sensitivity	ppv
-0.240291666666667	0.957627118644068	0.867256637168142	0.951456310679612
