sample	total_counts	total_sgrnas	zero_sgrnas	pct_zero_sgrnas	low_sgrnas	pct_low_sgrnas	gini_index
control_mean	1558371.60609793	4261	0	0	2	0.05	0.06
OMM1.D28A	2161114.57286223	4261	0	0	186	4.37	0.1
OMM1.D28B	2163215.2720659	4261	0	0	154	3.61	0.09
OMM1.D28C	2195570.66546387	4261	0	0	142	3.33	0.09
OMM1.D35A	2196101.0413123	4261	0	0	242	5.68	0.11
OMM1.D35B	2199711.1400796	4261	0	0	209	4.9	0.1
OMM1.D35C	2224384.24159885	4261	0	0	215	5.05	0.1
