sample	total_counts	total_sgrnas	zero_sgrnas	pct_zero_sgrnas	low_sgrnas	pct_low_sgrnas	gini_index
control_mean	3089523.99090013	8592	0	0	7	0.08	0.06
MP38.D28A	2645308.81643029	8592	0	0	20	0.23	0.06
MP38.D28B	2635585.15935132	8592	0	0	26	0.3	0.06
MP38.D28C	2636146.80259515	8592	0	0	28	0.33	0.06
MP38.D65A	2393321.85756791	8592	0	0	146	1.7	0.08
MP38.D65B	2400011.46092913	8592	0	0	167	1.94	0.08
MP38.D65C	2430936.56939312	8592	0	0	163	1.9	0.08
