sample	total_counts	total_sgrnas	zero_sgrnas	pct_zero_sgrnas	low_sgrnas	pct_low_sgrnas	gini_index
control_mean	1558371.60609793	4261	0	0	2	0.05	0.06
MP41.D28A	2034201.84459703	4261	0	0	16	0.38	0.06
MP41.D28B	1996742.1120225	4261	0	0	30	0.7	0.06
MP41.D28C	2067378.16383903	4261	0	0	26	0.61	0.07
MP41.D32A	2061330.11025324	4261	0	0	28	0.66	0.07
MP41.D32B	2039223.96884428	4261	0	0	38	0.89	0.07
MP41.D32C	2084509.72449109	4261	0	0	37	0.87	0.07
