sample	total_counts	total_sgrnas	zero_sgrnas	pct_zero_sgrnas	low_sgrnas	pct_low_sgrnas	gini_index
control_mean	1631919.8435102	4261	0	0	0	0	0.04
Mel285.D28A	1582814.18911799	4261	0	0	607	14.25	0.16
Mel285.D28B	1455214.40193474	4261	0	0	648	15.21	0.16
Mel285.D28C	1537539.9484869	4261	0	0	674	15.82	0.17
Mel285.D49A	558769.377601084	4261	0	0	3283	77.05	0.3
Mel285.D49B	1140025.07159046	4261	0	0	3806	89.32	0.24
Mel285.D49C	351679.314917385	4261	0	0	3592	84.3	0.3
