sample	NNMD	Essential.Glass.Delta	max_essential	max_nonessential	max_unknown	mean_essential	mean_nonessential	mean_unknown	median_essential	median_nonessential	median_unknown	min_essential	min_nonessential	min_unknown	n_genes_essential	n_genes_nonessential	n_genes_unknown	total_genes
Mel202.D28A	-10.750	2.106	-0.0219067057424148	0	0	-0.82	-0.09	-0.2	-0.743340612694078	-0.0806249300394469	-0.117332513459839	-2.16824884680309	-0.29669132767751	-2.2803914118371	113	118	828	1059
Mel202.D28B	-7.561	2.054	0	0	0	-0.63	-0.1	-0.17	-0.588108256278972	-0.0980803967543386	-0.115256003758386	-1.85592682927541	-0.418409542753806	-1.49387776453151	113	118	828	1059
Mel202.D28C	-6.756	2.141	-0.0989829403602167	0	0	-0.62	-0.11	-0.17	-0.526074766374944	-0.0955489653485309	-0.121373259529895	-1.77619883825702	-0.367574852804631	-1.4268553345523	113	118	828	1059
