sample	max_essential	max_nonessential	max_unknown	mean_essential	mean_nonessential	mean_unknown	median_essential	median_nonessential	median_unknown	min_essential	min_nonessential	min_unknown	n_genes_essential	n_genes_nonessential	n_genes_unknown	total_genes
control_mean	1020.93871358102	896.571281666169	3720.10122073172	357.12	288.57	400.05	338.093541047262	269.911296797664	368.611353066256	51.049340481628	41.327379674078	35.6088344543756	113	118	828	1059
Mel202.D28A	624.187464948318	890.798399318295	3573.11755213558	218.71	272.27	356.4	203.977062819822	251.258278956235	329.521664858916	14.7151147054784	34.8718873319295	21.3899386335222	113	118	828	1059
Mel202.D28B	649.830566915983	804.719617738649	3600.5834941712	242.53	270.27	359.53	229.49430585478	246.374527941759	333.286070553344	20.1377071884331	26.8016072615064	24.5240908660386	113	118	828	1059
Mel202.D28C	622.306661476485	826.632113394796	3386.84531281332	244.39	269.44	359.02	231.714487373825	247.696605177064	332.751507000432	16.9651161749387	35.9605480821465	27.3695011447358	113	118	828	1059
