sample	n	total	mean	median	min	max
Mel202.D28A	1059	-265.776113375055	-0.250968945585509	-0.12238606121433	-2.2803914118371	0
Mel202.D28B	1059	-225.851151358516	-0.213268320451857	-0.125228365230168	-1.85592682927541	0
Mel202.D28C	1059	-226.385172293608	-0.213772589512378	-0.133059904861778	-1.77619883825702	0
