thresholds	specificity	sensitivity	ppv
-0.2259375	0.966101694915254	0.814159292035398	0.958333333333333
