sample	max_essential	max_nonessential	max_unknown	mean_essential	mean_nonessential	mean_unknown	median_essential	median_nonessential	median_unknown	min_essential	min_nonessential	min_unknown	n_genes_essential	n_genes_nonessential	n_genes_unknown	total_genes
control_mean	1020.93871358102	896.571281666169	3720.10122073172	357.12	288.57	400.05	338.093541047262	269.911296797664	368.611353066256	51.049340481628	41.327379674078	35.6088344543756	113	118	828	1059
Mel270.D28A	672.690389360998	676.528955861971	3289.61297786139	244.84	268.24	354.92	233.496741331518	257.656731154246	324.983321609578	11.1704754102737	29.1669916970863	17.2832084427902	113	118	828	1059
Mel270.D28B	673.370349250097	753.032161570836	3168.06984958425	245.59	272.4	354.08	226.518851429062	257.702431548703	326.264527298966	23.8166309271486	23.9099185058145	19.1632628085619	113	118	828	1059
Mel270.D28C	671.777755939011	855.678556042546	2764.42030245638	244.73	276.7	355.85	230.279737536915	257.492157004128	328.818697541045	10.9935000115719	32.1876528892395	27.4407208757305	113	118	828	1059
Mel270.D35A	635.806997781515	697.556728203558	3242.00018705479	244.46	270.19	357.19	230.82945904758	255.453870574181	326.150795813724	12.101251302998	18.5079037561055	14.1568222804682	113	118	828	1059
Mel270.D35B	656.187203429177	793.963799552223	3212.44226645317	240.99	272.7	354.74	226.248590972809	256.215115193249	326.426281403601	10.5838501153021	29.0579113218921	12.9355775081844	113	118	828	1059
Mel270.D35C	638.360900006205	886.307520713651	2816.20022901018	238.44	280.09	356.4	223.127454894448	256.737885471111	327.099852288832	8.32238611810462	39.0335776787747	19.1555827599235	113	118	828	1059
