sample	total_counts	total_sgrnas	zero_sgrnas	pct_zero_sgrnas	low_sgrnas	pct_low_sgrnas	gini_index
control_mean	1572418.97998913	4335	0	0	3	0.07	0.06
OMM1.D28A	1341593.52229932	4335	0	0	16	0.37	0.07
OMM1.D28B	1356193.91267052	4335	0	0	10	0.23	0.06
OMM1.D28C	1356518.68113142	4335	0	0	15	0.35	0.06
OMM1.D35A	1318365.52305884	4335	0	0	15	0.35	0.07
OMM1.D35B	1337847.25788691	4335	0	0	12	0.28	0.07
OMM1.D35C	1332864.83223279	4335	0	0	16	0.37	0.07
