sample	max_essential	max_nonessential	max_unknown	mean_essential	mean_nonessential	mean_unknown	median_essential	median_nonessential	median_unknown	min_essential	min_nonessential	min_unknown	n_genes_essential	n_genes_nonessential	n_genes_unknown	total_genes
control_mean	1051.51579554276	1174.21957846963	3529.73986215839	341.51	297.44	378.82	303.407884435933	266.259047871995	336.726338811593	33.0189334620668	32.9393229355718	27.4191329688964	113	118	828	1059
X921.D28A	1252.54644439027	1686.70566509384	5726.22314869682	331.96	443.79	524.63	284.26843274291	389.771649285738	458.048022831811	10.9338006917897	12.0573499964809	16.4619382542666	113	118	828	1059
X921.D28B	1403.09384283424	1894.45498593632	6373.75343407925	333.62	442.74	526.44	262.317624532869	410.211451868808	455.211451227795	2.26202284709409	36.5656533282668	2.2300806324188	113	118	828	1059
X921.D28C	1302.52450912402	1921.31232916855	6260.26248422845	328.68	439.34	519.44	258.290088368829	386.836637708181	446.168090373212	2.37893526637681	22.9743851207191	12.1342676956599	113	118	828	1059
X921.D42A	2202.41543578252	2189.73235969483	6126.76608637443	301.31	455.55	530.58	218.122262896239	356.395901042459	421.332558290076	2.27642046863535	17.1629769996832	4.73648375940325	113	118	828	1059
X921.D42B	1519.68207588555	2338.46290418526	6182.66207656346	302.73	437.98	525.11	213.102446925755	364.567006253152	424.872529035744	2.635882121303	23.6752474500313	2.61151383821613	113	118	828	1059
X921.D42C	2117.53698614463	2498.4338121167	6443.14693564661	300.01	451.26	523.82	211.764687729413	379.139290123642	422.634672515371	2.08464784813375	7.75969220351822	2.38233549115926	113	118	828	1059
