sample	NNMD	Essential.Glass.Delta	max_essential	max_nonessential	max_unknown	mean_essential	mean_nonessential	mean_unknown	median_essential	median_nonessential	median_unknown	min_essential	min_nonessential	min_unknown	n_genes_essential	n_genes_nonessential	n_genes_unknown	total_genes
X921.D28A	-2.538	-0.609	1.13155983048225	1.26500524936572	1.48864839824379	-0.19	0.55	0.45	-0.18084340388394	0.585481084490056	0.491333808855826	-2.26145798945167	-0.391479029915005	-1.40161492623606	113	118	828	1059
X921.D28B	-2.701	-0.529	1.08309753859216	1.21041726197116	1.83987921568189	-0.22	0.55	0.43	-0.138806405492618	0.565392924275548	0.488698640416847	-2.88221495470117	-0.257158157253562	-1.49459675505042	113	118	828	1059
X921.D28C	-2.689	-0.423	1.0185554088871	1.08628127029143	1.58808183138974	-0.25	0.52	0.41	-0.212678127421181	0.535583434970919	0.448068749399264	-2.14034691464559	-0.257224358718116	-2.04888420134819	113	118	828	1059
X921.D42A	-2.393	0.168	1.54943093505328	1.66432617231557	2.86967707771225	-0.59	0.45	0.32	-0.50851284627303	0.470598990165942	0.367653197677815	-3.9947093463455	-0.588789085328069	-1.70405438695041	113	118	828	1059
X921.D42B	-2.389	0.201	1.50462379346078	1.4550185246969	2.73764658288171	-0.57	0.41	0.3	-0.591467991210823	0.434760625523563	0.384172117470237	-2.77658053863341	-0.744700099470054	-2.71160306923712	113	118	828	1059
X921.D42C	-2.347	0.209	1.08573679651427	1.32221230608819	2.39707579613365	-0.58	0.41	0.29	-0.507599678063483	0.437213090919957	0.359419345128039	-3.48130191752985	-0.85100833720658	-3.29084377185091	113	118	828	1059
