sample	total_counts	total_sgrnas	zero_sgrnas	pct_zero_sgrnas	low_sgrnas	pct_low_sgrnas	gini_index
control_mean	1649615.8737502	4335	0	0	0	0	0.04
Mel270.D28A	1438841.01637605	4335	0	0	8	0.18	0.05
Mel270.D28B	1438011.54737657	4335	0	0	9	0.21	0.05
Mel270.D28C	1445927.11961471	4335	0	0	5	0.12	0.05
Mel270.D35A	1447067.71265898	4335	0	0	14	0.32	0.05
Mel270.D35B	1438485.14508252	4335	0	0	10	0.23	0.05
Mel270.D35C	1446641.02088747	4335	0	0	6	0.14	0.05
