sample	n	total	mean	median	min	max
control_mean	4261	1631919.8435102	382.989871746117	355.110494236746	35.6088344543756	3720.10122073172
Mel285.D28A	4261	1542694.94528145	362.049975423949	334.339822560849	33.5961209472126	3720.10122073172
Mel285.D28B	4261	1538934.29617285	361.167401120124	333.338285324618	28.8483288480894	3720.10122073172
Mel285.D28C	4261	1533856.9947935	359.975826048698	334.194053039659	30.9262856545701	3720.10122073172
Mel285.D49A	4261	994847.540930693	233.477479683336	196.039136132853	25.3177747777846	2975.31991626064
Mel285.D49B	4261	883175.698535588	207.269584260875	176.293476068309	26.8615921023248	2480.63763482541
Mel285.D49C	4261	912631.346517281	214.182432883661	177.596829318899	24.0858168703052	2157.36597110242
