sample	max_essential	max_nonessential	max_unknown	mean_essential	mean_nonessential	mean_unknown	median_essential	median_nonessential	median_unknown	min_essential	min_nonessential	min_unknown	n_genes_essential	n_genes_nonessential	n_genes_unknown	total_genes
control_mean	1020.93871358102	896.571281666169	3720.10122073172	357.12	288.57	400.05	338.093541047262	269.911296797664	368.611353066256	51.049340481628	41.327379674078	35.6088344543756	113	118	828	1059
Mel270.D28A	672.690389360998	676.528955861971	3289.61297786139	241.53	256.76	343.27	231.678074676174	242.924925693518	316.192557819799	11.1704754102737	29.1669916970863	17.2832084427902	113	118	828	1059
Mel270.D28B	673.370349250097	752.33809664447	3168.06984958425	240.85	258.62	343.59	223.332879594172	237.54446051062	316.115441662653	23.8166309271486	23.9099185058145	19.1632628085619	113	118	828	1059
Mel270.D28C	671.777755939011	855.678556042546	2764.42030245638	241.87	262.46	344.93	229.430159839318	241.954440955884	320.175694347504	10.9935000115719	32.1876528892395	27.4407208757305	113	118	828	1059
Mel270.D35A	635.806997781515	661.96705923831	3242.00018705479	239.89	254.71	340.71	224.659565763221	237.43104337652	313.869981814551	12.101251302998	18.5079037561055	14.1568222804682	113	118	828	1059
Mel270.D35B	656.187203429177	746.319366268253	3212.44226645317	234.92	256.11	341.26	223.180546983239	236.686230336748	314.798948398286	10.5838501153021	29.0579113218921	12.9355775081844	113	118	828	1059
Mel270.D35C	629.499119396199	869.248572938503	2816.20022901018	234.71	261.32	341.87	221.562295502638	240.665164359567	315.670983813317	8.32238611810462	39.0335776787747	19.1555827599235	113	118	828	1059
