sample	NNMD	Essential.Glass.Delta	max_essential	max_nonessential	max_unknown	mean_essential	mean_nonessential	mean_unknown	median_essential	median_nonessential	median_unknown	min_essential	min_nonessential	min_unknown	n_genes_essential	n_genes_nonessential	n_genes_unknown	total_genes
Mel270.D28A	-4.214	2.547	0	0	0	-0.64	-0.17	-0.24	-0.630613457696763	-0.157120458676343	-0.199283264922923	-1.67032233264365	-0.583108083733561	-1.54810649439732	113	118	828	1059
Mel270.D28B	-4.561	2.595	0	0	0	-0.64	-0.17	-0.25	-0.619769487964172	-0.15707095192432	-0.197497478789151	-1.66777954782201	-0.572577647348806	-1.69431848357038	113	118	828	1059
Mel270.D28C	-4.637	2.352	0	0	0	-0.63	-0.15	-0.24	-0.597208979909295	-0.132130799263687	-0.181273491643034	-1.97931774069217	-0.600808010491316	-1.74092657917005	113	118	828	1059
Mel270.D35A	-3.550	2.439	0	0	0	-0.67	-0.2	-0.26	-0.661467131520689	-0.170690174792847	-0.214580312742871	-1.93076052070153	-0.657404775925835	-1.77642227507465	113	118	828	1059
Mel270.D35B	-4.303	2.579	0	0	0	-0.7	-0.19	-0.26	-0.677405022996771	-0.178903831414415	-0.206843642414184	-1.77478534337895	-0.54481010789439	-1.53555635893855	113	118	828	1059
Mel270.D35C	-4.029	2.334	0	0	0	-0.69	-0.16	-0.26	-0.622117406621659	-0.140301661996454	-0.199737977046607	-2.29543345566275	-0.720642352350379	-2.19576594837822	113	118	828	1059
