sample	n	total	mean	median	min	max
Mel270.D28A	1059	-294.859800346141	-0.27843229494442	-0.207307425417938	-1.67032233264365	0
Mel270.D28B	1059	-297.028071600292	-0.280479765439369	-0.2088536200567	-1.69431848357038	0
Mel270.D28C	1059	-286.776329830971	-0.270799178310643	-0.193316058158238	-1.97931774069217	0
Mel270.D35A	1059	-315.896163569944	-0.298296660594848	-0.225382153270357	-1.93076052070153	0
Mel270.D35B	1059	-317.401995134262	-0.299718597860493	-0.219876764202305	-1.77478534337895	0
Mel270.D35C	1059	-315.327993601308	-0.297760145043728	-0.210923602287712	-2.29543345566275	0
