sample	max_essential	max_nonessential	max_unknown	mean_essential	mean_nonessential	mean_unknown	median_essential	median_nonessential	median_unknown	min_essential	min_nonessential	min_unknown	n_genes_essential	n_genes_nonessential	n_genes_unknown	total_genes
control_mean	1020.93871358102	896.571281666169	3720.10122073172	357.12	288.57	396.55	338.093541047262	269.911296797664	366.319591591757	51.049340481628	41.327379674078	35.6088344543756	113	118	829	1060
Mel285.D28A	1800.46256468055	3117.11971955915	19025.5708123594	112.91	334.57	410.99	29.5712707250148	166.637822494566	188.573421625465	2.17125941213017	3.191709456234	2.18631322781114	113	118	829	1060
Mel285.D28B	1310.21298221674	4078.3030582773	45846.2922738979	94.42	278.93	384.4	28.2510541668168	120.575215471609	164.71615993865	3.20470826384669	3.19090021173346	3.18018839304499	113	118	829	1060
Mel285.D28C	3909.52227384522	3894.71942070514	34454.8773000431	140.03	314.63	396.96	37.5225766755926	165.907435313572	181.119249886546	2.09876384013612	2.09842920604306	2.09661121466831	113	118	829	1060
Mel285.D49A	523.838792603792	20080.1169953187	118016.760070919	11.11	87.31	150.93	2.04033053056339	9.57609765397905	8.81207285169179	2.02354167706644	2.01742174735429	2.01355628968363	113	118	829	1060
Mel285.D49B	69.3418915981672	3080.69242804784	621999.955271847	4.97	20.49	331.59	2.53716777263009	4.57120650509433	5.38648069978865	2.51478750090396	2.50906251569223	2.50425505539783	113	118	829	1060
Mel285.D49C	478.493259691301	1492.0200697517	139794.728059786	8.61	29.42	99.12	1.93578193860299	5.28331070147868	6.00932395890347	1.68253749472413	1.68226922518479	1.67549068282895	113	118	829	1060
