sample	n	total	mean	median	min	max
control_mean	4335	1649615.8737502	380.534226931994	352.871980779657	35.6088344543756	3720.10122073172
Mel285.D28A	4335	1610378.44444753	371.482916827573	162.513200009941	2.17125941213017	19025.5708123594
Mel285.D28B	4335	1484900.72041642	342.537651768495	143.044239733486	3.18018839304499	45846.2922738979
Mel285.D28C	4335	1565329.95766281	361.091109034096	159.613803019879	2.09661121466831	34454.8773000431
Mel285.D49A	4335	560687.482155215	129.339672930845	7.58233881891785	2.01355628968363	118016.760070919
Mel285.D49B	4335	1141118.00728377	263.233681034317	4.57606009419745	2.50425505539783	621999.955271847
Mel285.D49C	4335	355456.659959708	81.9969227127354	5.05213533231894	1.67549068282895	139794.728059786
