sample	total_counts	total_sgrnas	zero_sgrnas	pct_zero_sgrnas	low_sgrnas	pct_low_sgrnas	gini_index
control_mean	1572418.97998913	4335	0	0	3	0.07	0.06
MP38.D28A	1375108.80672611	4335	0	0	10	0.23	0.06
MP38.D28B	1369197.99584666	4335	0	0	9	0.21	0.06
MP38.D28C	1367263.86076255	4335	0	0	8	0.18	0.06
MP38.D65A	1254691.60471605	4335	0	0	53	1.22	0.07
MP38.D65B	1256292.51177804	4335	0	0	40	0.92	0.07
MP38.D65C	1273608.48036142	4335	0	0	52	1.2	0.07
