sample	total_counts	total_sgrnas	zero_sgrnas	pct_zero_sgrnas	low_sgrnas	pct_low_sgrnas	gini_index
control_mean	3089523.99090013	8592	0	0	7	0.08	0.06
MP41.D28A	2460360.2002219	8592	0	0	44	0.51	0.07
MP41.D28B	2461407.38109187	8592	0	0	64	0.74	0.07
MP41.D28C	2447280.48525538	8592	0	0	59	0.69	0.07
MP41.D32A	2452423.14380402	8592	0	0	69	0.8	0.07
MP41.D32B	2460014.16767624	8592	0	0	65	0.76	0.07
MP41.D32C	2455256.14885067	8592	0	0	79	0.92	0.07
