thresholds	specificity	sensitivity	ppv
-1.56969791666667	0.957627118644068	1	0.957627118644068
