sample	total_counts	total_sgrnas	zero_sgrnas	pct_zero_sgrnas	low_sgrnas	pct_low_sgrnas	gini_index
control_mean	1572418.97998913	4335	0	0	3	0.07	0.06
OMM1.D28A	1364608.72503359	4335	0	0	15	0.35	0.07
OMM1.D28B	1373724.54969437	4335	0	0	9	0.21	0.06
OMM1.D28C	1376689.26832321	4335	0	0	15	0.35	0.06
OMM1.D35A	1352218.93204357	4335	0	0	15	0.35	0.07
OMM1.D35B	1364589.0440498	4335	0	0	11	0.25	0.07
OMM1.D35C	1363825.49777088	4335	0	0	16	0.37	0.06
