thresholds	specificity	sensitivity	ppv
-0.346708333333333	0.957627118644068	0.849557522123894	0.95049504950495
