thresholds	specificity	sensitivity	ppv
-0.0575000000000001	0.957627118644068	0.884955752212389	0.952380952380952
