sample	max_essential	max_nonessential	max_unknown	mean_essential	mean_nonessential	mean_unknown	median_essential	median_nonessential	median_unknown	min_essential	min_nonessential	min_unknown	n_genes_essential	n_genes_nonessential	n_genes_unknown	total_genes
control_mean	1051.51579554276	1174.21957846963	3529.73986215839	341.51	297.44	374.71	303.407884435933	266.259047871995	332.710720662476	33.0189334620668	32.9393229355718	27.4191329688964	113	118	829	1060
MP41.D28A	671.432330533079	998.469628657636	3174.91448805462	224.89	257.01	316.19	204.228509783977	235.03362072539	283.527457716684	23.0554375178771	30.8981733616446	12.7372105856043	113	118	829	1060
MP41.D28B	694.681451328894	933.110367233567	2986.97428145693	222.59	254	312.92	198.392309750841	235.729706777175	278.01261675824	17.9531423065535	19.4096301032296	18.8697711503615	113	118	829	1060
MP41.D28C	676.08393445571	1014.64167347921	3175.15321296049	224.11	260.38	317.94	194.21322582524	233.987849785247	284.321606970089	25.2208534191425	19.3731362866635	12.4574946381788	113	118	829	1060
MP41.D32A	661.201292377302	1040.37303076839	3277.57205372116	220.22	258.43	317.14	195.659952855394	235.32754407223	283.185262785254	12.4222125752363	25.6862076047017	10.0892892393467	113	118	829	1060
MP41.D32B	724.066236515862	910.587727492437	3206.18334007002	218.9	257.22	315.18	195.787120357916	234.137581434238	282.276619272504	18.7810751204236	12.7820495782067	13.1606554880343	113	118	829	1060
MP41.D32C	680.421922954281	967.258550042107	3169.10870865994	218.62	259.19	317.98	197.498781394344	233.365152368536	283.823586492307	16.6709110007546	24.2464526478155	12.6978612160634	113	118	829	1060
