sample	n	total	mean	median	min	max
control_mean	4335	1572418.97998913	362.72640830199	322.329585248709	27.4191329688964	3529.73986215839
MP41.D28A	4335	1301136.85870284	300.146910888774	267.739372948449	12.7372105856043	3174.91448805462
MP41.D28B	4335	1287505.74099326	297.002477737776	264.044779556303	17.9531423065535	2986.97428145693
MP41.D28C	4335	1308338.58942107	301.808209785714	268.010180368197	12.4574946381788	3175.15321296049
MP41.D32A	4335	1302931.35551653	300.56086632446	267.610902893892	10.0892892393467	3277.57205372116
MP41.D32B	4335	1295071.00009055	298.747635545685	265.620603994349	12.7820495782067	3206.18334007002
MP41.D32C	4335	1305433.38056921	301.138034733381	267.978530008092	12.6978612160634	3169.10870865994
