sample	max_essential	max_nonessential	max_unknown	mean_essential	mean_nonessential	mean_unknown	median_essential	median_nonessential	median_unknown	min_essential	min_nonessential	min_unknown	n_genes_essential	n_genes_nonessential	n_genes_unknown	total_genes
control_mean	1051.51579554276	1174.21957846963	3529.73986215839	341.51	297.44	374.71	303.407884435933	266.259047871995	332.710720662476	33.0189334620668	32.9393229355718	27.4191329688964	113	118	829	1060
OMM23.D28A	686.958412626614	1119.64302265548	3466.60802812006	210.68	273.45	331.73	182.237818549232	254.370113246039	292.567127434408	15.7621359900843	25.9051003296626	22.689744557521	113	118	829	1060
OMM23.D28B	701.678108074321	1005.66762538039	3287.03769152368	211.87	272.57	330.71	189.759214370444	252.968350307881	296.26758404376	16.6939176835809	28.7065949094562	20.1935519799564	113	118	829	1060
OMM23.D28C	703.897986492538	1030.111969395	3349.56706902937	215.34	272.3	332.76	189.48788010052	244.506384332585	293.694025464892	16.36709669218	16.3912805161698	21.677472765794	113	118	829	1060
OMM23.D35A	719.236758677497	1074.42436694725	3583.18796008705	203.74	271.11	331.03	174.166572209157	249.182332714505	292.772892557559	14.1409846175941	22.5872738994422	24.2465099879311	113	118	829	1060
OMM23.D35B	744.197427189558	1004.8395047256	3307.07096959046	206.88	275.55	332.13	177.111340123113	253.796322219696	292.690617027297	15.8355109994118	23.4120790230909	16.4503100396028	113	118	829	1060
OMM23.D35C	718.429075841934	1063.6511319116	3325.33383567139	210.66	273.42	333.44	182.989459139618	246.666062707238	293.475677595066	16.4962753711019	23.9691310150478	21.557851788763	113	118	829	1060
