sample	NNMD	Essential.Glass.Delta	max_essential	max_nonessential	max_unknown	mean_essential	mean_nonessential	mean_unknown	median_essential	median_nonessential	median_unknown	min_essential	min_nonessential	min_unknown	n_genes_essential	n_genes_nonessential	n_genes_unknown	total_genes
OMM23.D28A	-8.284	2.569	-0.0567039904845072	0.0867251996373241	0.13789053215504	-0.76	-0.11	-0.19	-0.765094767305681	-0.107944416640365	-0.139351647818949	-1.80299770500512	-0.421648174559661	-1.80832060458491	113	118	829	1060
OMM23.D28B	-7.695	2.664	-0.00654381147060623	0.110042146730754	0.253275263367113	-0.74	-0.11	-0.18	-0.758001065461501	-0.103415958587838	-0.137207230380527	-1.64118315237782	-0.322335212066311	-1.25444488475814	113	118	829	1060
OMM23.D28C	-7.539	2.687	-0.00606855480581239	0.0356905267817477	0.193480842876789	-0.74	-0.13	-0.18	-0.731584712647848	-0.121147243344569	-0.139970993027895	-1.5896912233758	-0.402972155466535	-1.57495960634409	113	118	829	1060
OMM23.D35A	-7.765	2.578	0.0721221351947031	0.107490007679536	0.173836986352988	-0.83	-0.12	-0.19	-0.82070398824601	-0.114901794972078	-0.138437291977893	-1.7134154467133	-0.40310583511616	-1.68737470619342	113	118	829	1060
OMM23.D35B	-7.146	2.668	-0.107515524120781	0.0983887868924567	0.349405220981486	-0.8	-0.11	-0.19	-0.793685202226742	-0.0954414817354095	-0.13842314722173	-1.87185627873402	-0.329506875539825	-1.26481855596556	113	118	829	1060
OMM23.D35C	-7.144	2.642	0.00325457129466925	0.0708248869095602	0.287047495587935	-0.78	-0.13	-0.19	-0.771590379936523	-0.132557963952148	-0.134805243264321	-1.78236849775273	-0.353263903218415	-1.57136310820368	113	118	829	1060
