sample	n	total	mean	median	min	max
control_mean	4335	1572418.97998913	362.72640830199	322.329585248709	27.4191329688964	3529.73986215839
OMM23.D28A	4335	1355472.40263996	312.681061739322	277.111329474667	15.7621359900843	3466.60802812006
OMM23.D28B	4335	1352128.85900223	311.909771396131	278.468682502312	16.6939176835809	3287.03769152368
OMM23.D28C	4335	1360556.55848438	313.853877389708	276.460952070869	16.36709669218	3349.56706902937
OMM23.D35A	4335	1348848.05070231	311.152952872504	274.451296499358	14.1409846175941	3583.18796008705
OMM23.D35B	4335	1356129.70317335	312.832688159942	276.704576973565	15.8355109994118	3307.07096959046
OMM23.D35C	4335	1361259.28975703	314.015983796316	275.559175343785	16.4962753711019	3325.33383567139
