sample	NNMD	Essential.Glass.Delta	max_essential	max_nonessential	max_unknown	mean_essential	mean_nonessential	mean_unknown	median_essential	median_nonessential	median_unknown	min_essential	min_nonessential	min_unknown	n_genes_essential	n_genes_nonessential	n_genes_unknown	total_genes
MP38.D28A	-4.783	2.372	-0.0218964536940099	0.119659483844651	0.256178143435414	-0.55	-0.12	-0.15	-0.515105481320016	-0.126270967443153	-0.105076547517407	-1.66790088410478	-0.354034259874651	-1.25375714588122	113	118	828	1059
MP38.D28B	-4.608	2.487	-0.0199247604529761	0.125431568173786	0.239807399304593	-0.56	-0.13	-0.16	-0.527835413203166	-0.131377503800583	-0.120781625715933	-1.41699285844911	-0.365908987532847	-1.41704803129984	113	118	828	1059
MP38.D28C	-4.694	2.290	0.144042071882606	0.0584175636194883	0.203626049776088	-0.56	-0.13	-0.14	-0.546107548755291	-0.128030380635934	-0.107011930311697	-1.56668307394345	-0.428652095596618	-1.35625583311432	113	118	828	1059
MP38.D65A	-5.056	2.315	0.185687460058879	0.293760799898137	0.857769605508395	-1.17	-0.17	-0.25	-1.19628503930082	-0.157948014055871	-0.168384581844184	-2.88079150315742	-0.726649999668663	-2.60158691994841	113	118	828	1059
MP38.D65B	-4.895	2.330	0.12388740353982	0.402858257028986	0.887219087592441	-1.16	-0.15	-0.24	-1.12001461551864	-0.178176533348668	-0.159593396335705	-2.80937278115465	-0.623309066862862	-2.36564487532934	113	118	828	1059
MP38.D65C	-4.965	2.219	0.266119828395966	0.298468220495977	0.559047619286355	-1.12	-0.15	-0.22	-1.10028919745496	-0.129159144154669	-0.125201763644152	-2.58902029937146	-0.682821586036666	-2.25785280279581	113	118	828	1059
