sample	max_essential	max_nonessential	max_unknown	mean_essential	mean_nonessential	mean_unknown	median_essential	median_nonessential	median_unknown	min_essential	min_nonessential	min_unknown	n_genes_essential	n_genes_nonessential	n_genes_unknown	total_genes
control_mean	1051.51579554276	1174.21957846963	3529.73986215839	341.51	297.44	378.82	303.407884435933	266.259047871995	336.726338811593	33.0189334620668	32.9393229355718	27.4191329688964	113	118	828	1059
MP38.D28A	854.091288417204	1097.77002907427	3664.5288837232	241.35	271.34	342.65	211.42355933106	246.452932256059	308.12224582382	19.5128647610333	32.1627031389875	16.7578919532392	113	118	828	1059
MP38.D28B	802.486954267797	1152.52945394318	3737.31275397178	239.06	270.03	340.81	210.239506114519	244.715737761719	303.548825947944	16.2548208212263	25.5678373606185	15.3223773038328	113	118	828	1059
MP38.D28C	742.468244307784	1032.66933522008	3690.80127766869	238.44	268.56	341.25	212.305201656072	246.733979398864	305.763981214145	25.7633127139876	28.4526581630001	18.4782288825251	113	118	828	1059
MP38.D65A	1066.30573702366	1113.77551868752	3234.10701512055	179.45	270.73	337.66	137.762208239224	237.313893423586	289.392169253824	11.8376647765395	21.2155982116367	10.5400716384705	113	118	828	1059
MP38.D65B	829.389763898483	1577.16253290431	3672.46046809686	176.45	275.61	337.45	138.649814404482	237.178715692439	294.293696800264	8.72773479146711	19.4185475302599	11.2632273678726	113	118	828	1059
MP38.D65C	1150.40687508223	985.351670644384	3686.76773324536	182.57	273.3	342.74	135.490654651019	246.358073419836	296.327338552043	11.2682030871805	9.75892116878557	9.28021380958713	113	118	828	1059
