sample	n	total	mean	median	min	max
control_mean	4261	1558371.60609793	365.729079112397	325.193892306712	27.4191329688964	3529.73986215839
MP38.D28A	4261	1380139.40150873	323.900352384118	287.291925925495	16.7578919532392	3664.5288837232
MP38.D28B	4261	1372358.30681766	322.074233001093	286.279225554577	15.3223773038328	3737.31275397178
MP38.D28C	4261	1372853.86973081	322.190535022486	288.344603367393	18.4782288825251	3690.80127766869
MP38.D65A	4261	1335250.53118215	313.365531842796	265.881555335456	10.5400716384705	3234.10701512055
MP38.D65B	4261	1335541.8851372	313.433908739074	272.357394236724	8.72773479146711	3672.46046809686
MP38.D65C	4261	1354820.44356316	317.95832986697	271.484419288002	9.28021380958713	3686.76773324536
