sample	max_essential	max_nonessential	max_unknown	mean_essential	mean_nonessential	mean_unknown	median_essential	median_nonessential	median_unknown	min_essential	min_nonessential	min_unknown	n_genes_essential	n_genes_nonessential	n_genes_unknown	total_genes
control_mean	1384.58579630835	1692.39890823246	3529.73986215839	340.15	285.06	372.79	289.295674898748	242.778185333443	316.205445936226	27.5377246684356	25.5414381820316	23.9696468843586	113	118	829	1060
MP38.D28A	854.091288417204	1489.58552301777	3664.5288837232	209.32	261.8	333.91	167.78458285195	229.779155231915	285.824773945845	13.4397046328907	13.3400615603039	12.6392947926315	113	118	829	1060
MP38.D28B	890.019856919513	1503.00625575253	3737.31275397178	206.65	261.47	331.88	166.31019146893	225.646865137198	283.169048171539	15.5996824429687	15.499760635728	15.3223773038328	113	118	829	1060
MP38.D28C	833.504068818707	1454.39721840862	3690.80127766869	205.45	261.02	333.08	166.53881944718	226.601448627066	287.102236340166	16.8342893849567	19.5681595377489	18.4782288825251	113	118	829	1060
MP38.D65A	1066.30573702366	1781.32533500008	4112.54018964473	145.04	265.9	326.1	98.064352278674	219.489998405459	265.698799813154	8.97570509735767	8.59651202567921	10.5400716384705	113	118	829	1060
MP38.D65B	896.33073702899	2648.41921767291	3672.46046809686	141.46	269.44	327.93	101.422857001818	223.407408249235	274.462340250943	7.86606492712604	10.7138290354603	10.4817416737319	113	118	829	1060
MP38.D65C	1150.40687508223	1683.36075200247	3686.76773324536	146.11	267.69	331.67	106.014595282911	225.772919783788	276.919404225934	11.0229851187097	8.31364871117548	9.28021380958713	113	118	829	1060
