sample	NNMD	Essential.Glass.Delta	max_essential	max_nonessential	max_unknown	mean_essential	mean_nonessential	mean_unknown	median_essential	median_nonessential	median_unknown	min_essential	min_nonessential	min_unknown	n_genes_essential	n_genes_nonessential	n_genes_unknown	total_genes
MP38.D28A	-9.454	3.057	-0.200366689696424	0.0590696734561432	0.438185316166056	-0.8	-0.12	-0.17	-0.751472854912107	-0.113738775020294	-0.108591485498881	-1.67634107553414	-0.38198295025671	-1.45613859922898	113	118	829	1060
MP38.D28B	-10.273	3.131	-0.21126265151544	0.0320851593054152	0.430271468319942	-0.83	-0.12	-0.19	-0.841791689412331	-0.119333064672135	-0.121651720738446	-1.5832345782012	-0.34881639998647	-1.55519727184369	113	118	829	1060
MP38.D28C	-9.503	2.914	-0.0875813830226355	0.0583974903058719	0.409674096226809	-0.84	-0.11	-0.17	-0.836832960280276	-0.112776473269669	-0.104368339215553	-1.74233112479756	-0.308585687266417	-1.59535468538735	113	118	829	1060
MP38.D65A	-8.003	3.498	-0.348610531255435	0.310896814130321	0.958091837600488	-1.54	-0.16	-0.31	-1.58571830150189	-0.171556199254001	-0.165669818343475	-2.84309395982417	-0.663475914618283	-2.54236519003341	113	118	829	1060
MP38.D65B	-8.249	3.636	-0.382001488661912	0.395157360424358	1.04178493403004	-1.56	-0.14	-0.3	-1.62029058656892	-0.133128239904734	-0.145359194328455	-2.82747243220978	-0.591519153784234	-2.54683457543452	113	118	829	1060
MP38.D65C	-8.404	3.428	-0.113381544597947	0.201143007503982	0.960731069590717	-1.51	-0.13	-0.27	-1.51808412945974	-0.125044084522886	-0.119527168472444	-2.71398622707772	-0.539275394869236	-2.69432162038903	113	118	829	1060
