sample	n	total	mean	median	min	max
control_mean	8592	3089523.99090013	359.58147007683	304.507213991716	23.9696468843586	3529.73986215839
MP38.D28A	8592	2687295.22661017	312.767135313102	267.654435998865	12.6392947926315	3664.5288837232
MP38.D28B	8592	2670932.01043672	310.862664156974	264.757636510896	15.3223773038328	3737.31275397178
MP38.D28C	8592	2677511.32464835	311.628413017732	268.175493665059	16.8342893849567	3690.80127766869
MP38.D65A	8592	2580551.41691336	300.343507555093	246.123942284764	8.59651202567921	4112.54018964473
MP38.D65B	8592	2593005.95718307	301.793058331362	250.287398225713	7.86606492712604	3672.46046809686
MP38.D65C	8592	2620742.14295936	305.021199134003	254.381053566836	8.31364871117548	3686.76773324536
