sample	total_counts	total_sgrnas	zero_sgrnas	pct_zero_sgrnas	low_sgrnas	pct_low_sgrnas	gini_index
control_mean	1631919.8435102	4261	0	0	0	0	0.04
Mel202.D28A	1416160.81137148	4261	0	0	9	0.21	0.05
Mel202.D28B	1436400.87044245	4261	0	0	5	0.12	0.05
Mel202.D28C	1435150.27502312	4261	0	0	4	0.09	0.05
