sample	total_counts	total_sgrnas	zero_sgrnas	pct_zero_sgrnas	low_sgrnas	pct_low_sgrnas	gini_index
control_mean	3089523.99090013	8592	0	0	7	0.08	0.06
OMM23.D28A	2584641.28304258	8592	0	0	37	0.43	0.07
OMM23.D28B	2585752.98073521	8592	0	0	29	0.34	0.06
OMM23.D28C	2590355.75443431	8592	0	0	35	0.41	0.07
OMM23.D35A	2569990.81315771	8592	0	0	44	0.51	0.07
OMM23.D35B	2575638.06790747	8592	0	0	50	0.58	0.07
OMM23.D35C	2573317.58739568	8592	0	0	43	0.5	0.07
