thresholds	specificity	sensitivity	ppv
-0.8240625	0.957627118644068	0.946902654867257	0.955357142857143
