sample	total_counts	total_sgrnas	zero_sgrnas	pct_zero_sgrnas	low_sgrnas	pct_low_sgrnas	gini_index
control_mean	1572418.97998913	4335	0	0	3	0.07	0.06
MP38.D28A	1394018.0286564	4335	0	0	9	0.21	0.06
MP38.D28B	1385934.62323036	4335	0	0	8	0.18	0.06
MP38.D28C	1386979.67405233	4335	0	0	6	0.14	0.06
MP38.D65A	1348288.25164959	4335	0	0	51	1.18	0.08
MP38.D65B	1350056.2602736	4335	0	0	38	0.88	0.07
MP38.D65C	1370574.07919807	4335	0	0	52	1.2	0.07
