sample	NNMD	Essential.Glass.Delta	max_essential	max_nonessential	max_unknown	mean_essential	mean_nonessential	mean_unknown	median_essential	median_nonessential	median_unknown	min_essential	min_nonessential	min_unknown	n_genes_essential	n_genes_nonessential	n_genes_unknown	total_genes
X921.D28A	-5.213	3.978	-0.381770489577554	0.0454059703155196	0.421781338929142	-0.99	-0.25	-0.36	-0.944441856110543	-0.217998921471903	-0.30895025374128	-1.80868401588423	-0.702234647634611	-1.79722708187508	113	118	829	1060
X921.D28B	-5.733	4.059	-0.464630961551242	-0.0399597719713706	0.577696894659254	-1.01	-0.26	-0.37	-0.924681481872627	-0.246429911975748	-0.313043908286879	-2.03417493697867	-0.627228541546036	-1.70236185570122	113	118	829	1060
X921.D28C	-5.463	3.881	-0.404647666610339	0.0329260520517409	0.486645843263514	-1.02	-0.27	-0.38	-0.972162195233612	-0.237625114045732	-0.318449523994626	-2.05704152291736	-0.68162463532207	-1.74881468788324	113	118	829	1060
X921.D42A	-4.727	3.737	-0.306246821236897	0.249412553597678	1.06276122500084	-1.28	-0.3	-0.44	-1.26180352656728	-0.289624203252237	-0.361806632272548	-2.33703568898897	-0.974594008366501	-2.09276565589873	113	118	829	1060
X921.D42B	-5.148	3.870	-0.540020552661307	0.118142473599268	1.13733939297693	-1.24	-0.3	-0.43	-1.19012064875695	-0.308962807475907	-0.355183898770411	-2.35478445266944	-0.896131126664296	-2.33551685233586	113	118	829	1060
X921.D42C	-4.974	4.024	-0.516256687839691	0.0443753061783573	1.02898909644099	-1.27	-0.32	-0.45	-1.2367238437837	-0.288376496148642	-0.360758881322774	-2.63535316865872	-0.990505408361959	-2.61052699671112	113	118	829	1060
