sample	max_essential	max_nonessential	max_unknown	mean_essential	mean_nonessential	mean_unknown	median_essential	median_nonessential	median_unknown	min_essential	min_nonessential	min_unknown	n_genes_essential	n_genes_nonessential	n_genes_unknown	total_genes
control_mean	1384.58579630835	1692.39890823246	3529.73986215839	340.15	285.06	372.79	289.295674898748	242.778185333443	316.205445936226	27.5377246684356	25.5414381820316	23.9696468843586	113	118	829	1060
X921.D28A	828.246839119326	1695.72784624747	3134.6106166877	183.96	242.05	293.98	151.801419722223	210.763036439402	251.640444789038	10.6316977921997	8.2943146154221	17.6221703032938	113	118	829	1060
X921.D28B	740.39687750818	1722.13220758377	3299.84334401251	183.94	240.74	293.74	147.732275332844	206.863802801463	248.981840032211	11.709255916977	9.24119418933373	6.16763579159374	113	118	829	1060
X921.D28C	822.014778398563	1825.60381574793	3271.53759461638	182.8	239.66	292.87	146.97114670071	205.966728272206	249.418036430758	9.99618359660771	6.90022975672614	16.5994140810241	113	118	829	1060
X921.D42A	947.788795780176	1846.3999520843	3213.87089994814	163.38	241.69	291.03	127.284890909794	200.499435396123	242.130948669893	5.83212643775806	6.34403944220802	10.4266503396578	113	118	829	1060
X921.D42B	960.461733819827	1839.22925970807	3206.95271679568	166.24	241.12	291.5	132.453049592835	204.014727897347	244.349296531248	10.5000845068637	6.8278461084464	6.65271511974016	113	118	829	1060
X921.D42C	1014.78385290688	2005.98466026317	3268.16179291036	164.68	239.17	290.04	124.71488743755	202.097285211368	241.303032925303	10.6878669173991	7.11296351410034	8.17679425910933	113	118	829	1060
