sample	n	total	mean	median	min	max
control_mean	8592	3089523.99090013	359.58147007683	304.507213991716	23.9696468843586	3529.73986215839
X921.D28A	8592	2376732.69817943	276.621589639134	237.054381812469	8.2943146154221	3134.6106166877
X921.D28B	8592	2373851.19551765	276.286219217604	234.619841525401	6.16763579159374	3299.84334401251
X921.D28C	8592	2365929.35874414	275.364217730929	233.566925254518	6.90022975672614	3271.53759461638
X921.D42A	8592	2337933.13513411	272.105811817284	225.304071463454	5.83212643775806	3213.87089994814
X921.D42B	8592	2343121.33949321	272.709653106751	226.368518031401	6.65271511974016	3206.95271679568
X921.D42C	8592	2330006.62025507	271.183265858365	226.724149236697	7.11296351410034	3268.16179291036
