sample	NNMD	Essential.Glass.Delta	max_essential	max_nonessential	max_unknown	mean_essential	mean_nonessential	mean_unknown	median_essential	median_nonessential	median_unknown	min_essential	min_nonessential	min_unknown	n_genes_essential	n_genes_nonessential	n_genes_unknown	total_genes
Mel285.D28A	-2.709	-0.409	0.693653904290995	1.06763594788192	2.06027247279819	-0.27	0.42	0.34	-0.272993269523251	0.43313882605137	0.374667413258583	-1.03138572338238	-0.329442178714323	-1.12492435143124	113	118	829	1060
Mel285.D28B	-2.669	-0.153	0.659750259475429	0.874572247171757	1.86747884995459	-0.27	0.33	0.3	-0.289652160714523	0.303610296016924	0.329816407262475	-0.913856327043878	-0.363685293997567	-0.850335074801593	113	118	829	1060
Mel285.D28C	-2.782	-0.423	0.903896652552163	1.03760828608868	1.90248352716674	-0.24	0.41	0.31	-0.259539113581877	0.41120233503022	0.352150757907372	-1.14553327282619	-0.144699829871744	-1.09960418202881	113	118	829	1060
Mel285.D49A	-1.643	6.416	-0.0473282325739735	0.369676153238667	2.71833481556961	-1.06	-0.58	-0.74	-1.09852198447426	-0.601091674348648	-0.764375014615084	-1.48911018386007	-1.17922361077399	-1.45766364344722	113	118	829	1060
Mel285.D49B	-1.747	12.629	-0.672081137725499	-0.350789855149299	2.06826051022453	-1.12	-0.81	-0.89	-1.12783081274786	-0.83205700448456	-0.929076787146974	-1.51411502951234	-1.14007020859554	-1.4660117744894	113	118	829	1060
Mel285.D49C	-1.505	7.808	0.111039628938059	0.0327084494208448	2.23243047390868	-1.16	-0.79	-0.87	-1.18756017433736	-0.804814756033527	-0.903563839260594	-1.68564796349748	-1.2500850393269	-1.5306330412427	113	118	829	1060
