sample	n	total	mean	median	min	max
control_mean	4335	1649615.8737502	380.534226931994	352.871980779657	35.6088344543756	3720.10122073172
Mel285.D28A	4335	2174250.59587529	501.55723088242	438.498359219354	33.5961209472126	5916.80417659176
Mel285.D28B	4335	2108925.32769542	486.487964866302	424.295396209097	28.8483288480894	5567.0922474232
Mel285.D28C	4335	2158399.56977792	497.900708137929	436.162917079385	30.9262856545701	4918.39370522201
Mel285.D49A	4335	1074753.06823444	247.924583214404	196.416937373736	25.3177747777846	3452.30338432211
Mel285.D49B	4335	930414.491666	214.628487120185	176.096373450416	26.8615921023248	5334.85890054851
Mel285.D49C	4335	966236.565653538	222.891941327229	177.502724931985	24.0858168703052	4260.09421383405
