sample	NNMD	Essential.Glass.Delta	max_essential	max_nonessential	max_unknown	mean_essential	mean_nonessential	mean_unknown	median_essential	median_nonessential	median_unknown	min_essential	min_nonessential	min_unknown	n_genes_essential	n_genes_nonessential	n_genes_unknown	total_genes
OMM25.D28A	-4.964	2.140	0.0303417552823462	0.332568001140246	0.348823595893543	-0.66	0	-0.12	-0.665004247150273	-0.00166707749766121	-0.0798084360240545	-1.72197614016838	-0.453424356290621	-1.65723552785426	113	118	828	1059
OMM25.D28B	-6.442	1.889	0.0899417445904758	0.209507032964072	0.300526649773673	-0.7	0	-0.12	-0.663584939254645	0.00389350626638774	-0.0711086661605067	-1.66630956094149	-0.297346679440428	-1.26090865382397	113	118	828	1059
OMM25.D28C	-6.178	1.960	0.361837160130187	0.240934859830091	0.397962618094132	-0.67	0.01	-0.11	-0.649680290152359	0.0119710508479607	-0.0601679481012751	-1.70207633426501	-0.232540441242784	-1.67848498959017	113	118	828	1059
OMM25.D42A	-4.503	2.082	-0.0126038654398018	0.450260318970227	0.716812051366074	-0.78	0	-0.14	-0.743834698059001	-0.0128057976464653	-0.0999875941592387	-1.6594606777425	-0.502703211700093	-2.04106154272798	113	118	828	1059
OMM25.D42B	-6.040	2.057	-0.0104857723502075	0.28261617185226	0.633582000593198	-0.89	0	-0.15	-0.868385110818109	0.018389570894359	-0.0932679395671495	-2.14133045698334	-0.376144626408345	-1.69122551563927	113	118	828	1059
OMM25.D42C	-5.133	2.020	0.303856197791125	0.407898266621935	0.676632013434023	-0.85	-0.01	-0.15	-0.833862698967423	-0.0115415247693183	-0.0892306396552589	-1.82551978642655	-0.417660698542812	-2.21089372547563	113	118	828	1059
