sample	n	total	mean	median	min	max
control_mean	4261	1631919.8435102	382.989871746117	355.110494236746	35.6088344543756	3720.10122073172
OMM25.D28A	4261	1511190.38097336	354.656273403747	325.71711761031	17.9078644980134	3724.74006463363
OMM25.D28B	4261	1511238.65335084	354.667602288392	327.295733848725	23.2550726807029	3631.17363778257
OMM25.D28C	4261	1519874.88970072	356.694412039595	329.268672654797	11.889345447346	3620.10354104251
OMM25.D42A	4261	1508278.43246733	353.972877837908	323.03991000366	14.0480051709855	3971.09708705723
OMM25.D42B	4261	1488718.49044612	349.382419724505	317.866683072944	16.7717515375651	3586.87614184906
OMM25.D42C	4261	1498231.08184028	351.614898343179	321.148451342547	12.3089565557239	3644.3872319298
