sample	NNMD	Essential.Glass.Delta	max_essential	max_nonessential	max_unknown	mean_essential	mean_nonessential	mean_unknown	median_essential	median_nonessential	median_unknown	min_essential	min_nonessential	min_unknown	n_genes_essential	n_genes_nonessential	n_genes_unknown	total_genes
MP41.D28A	-3.663	2.936	0	-0.00864537085187193	0	-0.62	-0.23	-0.26	-0.598582382725719	-0.20955206817016	-0.230155697813115	-1.45748954392725	-0.625792434423991	-1.10654961060709	113	118	829	1060
MP41.D28B	-3.463	2.717	0	-0.022363886156274	-0.00124264006159348	-0.66	-0.24	-0.28	-0.590180556281959	-0.22850124017184	-0.249259171782689	-1.63866561472147	-0.686124604477434	-1.36468968559861	113	118	829	1060
MP41.D28C	-4.398	2.824	-0.0560371546050009	-0.0297492624225389	0	-0.65	-0.22	-0.27	-0.633560860051875	-0.217063000391674	-0.230271635162182	-1.64962396586108	-0.569135801261918	-1.23255058454079	113	118	829	1060
MP41.D32A	-3.786	2.813	0	0	0	-0.68	-0.23	-0.27	-0.668008043591173	-0.218748070906753	-0.229378018765173	-1.62223991185871	-0.69088749687773	-1.23526223231645	113	118	829	1060
MP41.D32B	-3.438	2.615	0	-0.00393903745715284	0	-0.71	-0.24	-0.28	-0.616244147264914	-0.210442750420736	-0.238177943875273	-1.68417632232358	-0.757804976169732	-1.36505647616538	113	118	829	1060
MP41.D32C	-4.042	2.634	-0.0688875888994646	-0.0384946830257005	0	-0.69	-0.23	-0.28	-0.656343529445887	-0.219276559355187	-0.231334992701577	-1.73781690686539	-0.658084817511404	-1.5477165875575	113	118	829	1060
