sample	n	total	mean	median	min	max
control_mean	4335	1572418.97998913	362.72640830199	322.329585248709	27.4191329688964	3529.73986215839
MP41.D28A	4335	1284006.34091184	296.195234351059	263.736071673277	12.7372105856043	3174.91448805462
MP41.D28B	4335	1270372.81652031	293.050246025447	260.553959640441	17.9531423065535	2986.97428145693
MP41.D28C	4335	1289450.39962779	297.451072578499	264.017297769519	12.4574946381788	3175.15321296049
MP41.D32A	4335	1278499.84830256	294.924993841421	262.400579666494	10.0892892393467	3277.57205372116
MP41.D32B	4335	1272073.61061815	293.442586071083	259.561624212011	12.7820495782067	3206.18334007002
MP41.D32C	4335	1276868.17702738	294.548599083594	260.219317110755	12.6978612160634	3169.10870865994
