sample	total_counts	total_sgrnas	zero_sgrnas	pct_zero_sgrnas	low_sgrnas	pct_low_sgrnas	gini_index
control_mean	1631919.8435102	4261	0	0	0	0	0.04
Mel285.D28A	2146508.8059218	4261	0	0	0	0	0.05
Mel285.D28B	2080343.78519757	4261	0	0	1	0.02	0.05
Mel285.D28C	2131350.71123036	4261	0	0	0	0	0.06
Mel285.D49A	1062141.63692962	4261	0	0	5	0.12	0.06
Mel285.D49B	918731.004639308	4261	0	0	3	0.07	0.05
Mel285.D49C	953592.02574209	4261	0	0	3	0.07	0.06
