thresholds	specificity	sensitivity	ppv
-0.2339375	0.966101694915254	0.823008849557522	0.958762886597938
