sample	total_counts	total_sgrnas	zero_sgrnas	pct_zero_sgrnas	low_sgrnas	pct_low_sgrnas	gini_index
control_mean	1631919.8435102	4261	0	0	0	0	0.04
Mel270.D28A	1375335.45431682	4261	0	0	8	0.19	0.05
Mel270.D28B	1376986.87360764	4261	0	0	9	0.21	0.05
Mel270.D28C	1383737.54712387	4261	0	0	5	0.12	0.05
Mel270.D35A	1365078.21925098	4261	0	0	13	0.31	0.05
Mel270.D35B	1365335.77721588	4261	0	0	10	0.23	0.05
Mel270.D35C	1369784.70436172	4261	0	0	6	0.14	0.05
