sample	total_counts	total_sgrnas	zero_sgrnas	pct_zero_sgrnas	low_sgrnas	pct_low_sgrnas	gini_index
control_mean	1572418.97998913	4335	0	0	3	0.07	0.06
X921.D28A	1253659.52657544	4335	0	0	9	0.21	0.06
X921.D28B	1255354.23631249	4335	0	0	12	0.28	0.06
X921.D28C	1245628.51000009	4335	0	0	12	0.28	0.06
X921.D42A	1232201.15357019	4335	0	0	22	0.51	0.07
X921.D42B	1224791.06214105	4335	0	0	13	0.3	0.06
X921.D42C	1224289.97993889	4335	0	0	21	0.48	0.07
