thresholds	specificity	sensitivity	ppv
-0.23575	0.957627118644068	0.876106194690266	0.951923076923077
