sample	total_counts	total_sgrnas	zero_sgrnas	pct_zero_sgrnas	low_sgrnas	pct_low_sgrnas	gini_index
control_mean	1631919.8435102	4261	0	0	0	0	0.04
OMM25.D28A	2069140.83119524	4261	0	0	63	1.48	0.08
OMM25.D28B	2065114.82362255	4261	0	0	79	1.85	0.08
OMM25.D28C	2090081.28127521	4261	0	0	68	1.6	0.07
OMM25.D42A	2159329.42114835	4261	0	0	105	2.46	0.09
OMM25.D42B	2084668.58348853	4261	0	0	140	3.29	0.09
OMM25.D42C	2134112.8581511	4261	0	0	129	3.03	0.09
