thresholds	specificity	sensitivity	ppv
0.1004375	0.974576271186441	0.654867256637168	0.961038961038961
