thresholds	specificity	sensitivity	ppv
-1.23152083333333	0.957627118644068	0.938053097345133	0.954954954954955
