thresholds	specificity	sensitivity	ppv
-1.56607291666667	0.957627118644068	1	0.957627118644068
