sample	max_essential	max_nonessential	max_unknown	mean_essential	mean_nonessential	mean_unknown	median_essential	median_nonessential	median_unknown	min_essential	min_nonessential	min_unknown	n_genes_essential	n_genes_nonessential	n_genes_unknown	total_genes
control_mean	1051.51579554276	1174.21957846963	3529.73986215839	341.51	297.44	374.71	303.407884435933	266.259047871995	332.710720662476	33.0189334620668	32.9393229355718	27.4191329688964	113	118	829	1060
OMM1.D28A	1652.91020135764	2195.72083815376	5978.44079236405	190.56	495.63	548.08	105.181204879103	417.781312978544	451.807328359488	2.55814216857643	2.94834681702486	2.55888274084648	113	118	829	1060
OMM1.D28B	1285.84832228057	2059.52532812969	5565.58728475796	191.82	498.7	548.48	111.336962103962	437.362984057689	474.068001292519	2.49668063645359	28.9201811892299	2.49649114374337	113	118	829	1060
OMM1.D28C	1732.39388042892	1834.59899128994	5632.54703081898	202.96	502.72	555.22	101.960041996673	445.148120100656	468.908825614966	2.24190383694822	10.3266266057232	2.25805439423848	113	118	829	1060
OMM1.D35A	1863.70161349185	2970.49095985123	7020.19536936518	175.23	513.01	558.24	81.8914243873054	423.273787687933	430.505504935602	2.45255525965268	7.59465937730286	2.47042765612517	113	118	829	1060
OMM1.D35B	1675.67492586645	2488.41294752942	5656.8533652556	180.59	519.28	557.56	77.0357471596551	428.434612500379	460.878536008476	2.67416490952235	10.4936545904375	2.68058108731256	113	118	829	1060
OMM1.D35C	2033.61856869862	2122.74776029564	5177.71792156397	188.21	524.39	562.7	85.7204443383471	439.798841443999	462.545690447755	2.46408273954356	13.554622600404	2.48248661334967	113	118	829	1060
