sample	NNMD	Essential.Glass.Delta	max_essential	max_nonessential	max_unknown	mean_essential	mean_nonessential	mean_unknown	median_essential	median_nonessential	median_unknown	min_essential	min_nonessential	min_unknown	n_genes_essential	n_genes_nonessential	n_genes_unknown	total_genes
OMM1.D28A	-6.694	1.010	1.09921882877034	1.35108622312838	2.26475291492097	-1.88	0.59	0.29	-1.70154685138808	0.629018551653685	0.479994334273885	-5.14626234656523	-0.50542795110682	-5.42497260018768	113	118	829	1060
OMM1.D28B	-8.619	0.894	0.846275392498211	1.41438148483199	1.91799147433801	-1.72	0.69	0.37	-1.64787965000432	0.687476158793588	0.545329770562553	-4.41624038514357	-0.398181181040589	-4.21852067521664	113	118	829	1060
OMM1.D28C	-7.767	0.847	1.25355547723793	1.3309809161214	1.91607559691646	-1.72	0.69	0.36	-1.66953968786126	0.699902814920387	0.560665330579872	-4.70879867691389	-0.342285867595137	-4.26561194048948	113	118	829	1060
OMM1.D35A	-6.618	1.210	0.846307303352945	1.63024172195312	2.56002973982402	-2.23	0.57	0.2	-2.15848954599327	0.615053754172382	0.414866167792969	-5.82692556976571	-0.689059612753602	-5.21821270865719	113	118	829	1060
OMM1.D35B	-7.625	1.070	1.14355921105352	1.42741212766647	2.17349635717633	-2.06	0.67	0.3	-2.06250738587557	0.672815475286715	0.50825249321518	-5.26378032101437	-0.538219786314678	-4.11303411847557	113	118	829	1060
OMM1.D35C	-7.088	0.992	0.972258558517304	1.58648931852085	2.13092100119468	-2.07	0.71	0.31	-2.00701770845754	0.761665812617242	0.535474066078718	-5.43133841375286	-0.389129453540029	-4.98397342972113	113	118	829	1060
