sample	n	total	mean	median	min	max
control_mean	4335	1572418.97998913	362.72640830199	322.329585248709	27.4191329688964	3529.73986215839
OMM1.D28A	4335	2189265.83986003	505.020954985013	409.855336814458	2.55814216857643	5978.44079236405
OMM1.D28B	4335	2192643.18651522	505.800043025425	431.737188209154	2.49649114374337	5565.58728475796
OMM1.D28C	4335	2222570.70580674	512.703738363723	431.384805474983	2.24190383694822	5632.54703081898
OMM1.D35A	4335	2225217.7412772	513.314357849412	389.002959782454	2.45255525965268	7020.19536936518
OMM1.D35B	4335	2228326.41187242	514.031467559957	420.851531586185	2.67416490952235	5656.8533652556
OMM1.D35C	4335	2251731.6877164	519.430608469758	422.131530442157	2.46408273954356	5177.71792156397
