sample	NNMD	Essential.Glass.Delta	max_essential	max_nonessential	max_unknown	mean_essential	mean_nonessential	mean_unknown	median_essential	median_nonessential	median_unknown	min_essential	min_nonessential	min_unknown	n_genes_essential	n_genes_nonessential	n_genes_unknown	total_genes
Mel270.D28A	-3.561	2.190	0.272456062921921	0.25698958428305	0.846285877520394	-0.62	-0.11	-0.2	-0.619625234871056	-0.0965451555317323	-0.160065275353758	-1.67032233264365	-0.583108083733561	-1.54810649439732	113	118	829	1060
Mel270.D28B	-3.848	2.169	0.267838709170553	0.246658876098289	0.762017555415192	-0.62	-0.1	-0.21	-0.601143537939051	-0.107438538578569	-0.168650700689822	-1.66777954782201	-0.572577647348806	-1.69431848357038	113	118	829	1060
Mel270.D28C	-3.798	2.017	0.163653398707869	0.269880960183366	0.693263476526922	-0.62	-0.07	-0.2	-0.58260646273507	-0.0710586391155268	-0.150909215183662	-1.97931774069217	-0.600808010491316	-1.74092657917005	113	118	829	1060
Mel270.D35A	-3.020	2.000	0.362368767891959	0.321147629874319	1.12930848684804	-0.64	-0.12	-0.2	-0.654674632323182	-0.0965274837411408	-0.16024345414887	-1.93076052070153	-0.657404775925835	-1.77642227507465	113	118	829	1060
Mel270.D35B	-3.487	2.084	0.371913854452829	0.397382719601276	1.09803154892483	-0.67	-0.1	-0.21	-0.673423291121334	-0.0969623729686694	-0.165789547105975	-1.77478534337895	-0.54481010789439	-1.53555635893855	113	118	829	1060
Mel270.D35C	-3.482	1.988	0.00837199591772119	0.301989621524542	0.809538840020894	-0.67	-0.07	-0.21	-0.594206983013922	-0.0564582145097853	-0.164833638426957	-2.29543345566275	-0.720642352350379	-2.19576594837822	113	118	829	1060
