sample	n	total	mean	median	min	max
control_mean	4335	1649615.8737502	380.534226931994	352.871980779657	35.6088344543756	3720.10122073172
Mel270.D28A	4335	1438841.01637605	331.912575865294	304.257883835635	11.1704754102737	3289.61297786139
Mel270.D28B	4335	1438011.54737657	331.721233535541	305.324665070508	19.1632628085619	3168.06984958425
Mel270.D28C	4335	1445927.11961471	333.547201756564	308.335067857902	10.9935000115719	2764.42030245638
Mel270.D35A	4335	1447067.71265898	333.810314338865	305.611991576197	12.101251302998	3242.00018705479
Mel270.D35B	4335	1438485.14508252	331.830483294698	305.240190998581	10.5838501153021	3212.44226645317
Mel270.D35C	4335	1446641.02088747	333.711884864468	304.667453757463	8.32238611810462	2816.20022901018
