sample	total_counts	total_sgrnas	zero_sgrnas	pct_zero_sgrnas	low_sgrnas	pct_low_sgrnas	gini_index
control_mean	3309583.6496989	8592	0	0	1	0.01	0.04
MP46.D28A	2899181.44922661	8592	0	0	85	0.99	0.06
MP46.D28B	2921433.65633099	8592	0	0	96	1.12	0.06
MP46.D28C	2862869.48191074	8592	0	0	120	1.4	0.06
MP46.D64A	1787569.30873674	8592	0	0	1487	17.31	0.16
MP46.D64B	1785668.63249748	8592	0	0	1499	17.45	0.16
MP46.D64C	1721384.89307223	8592	0	0	1634	19.02	0.16
