sample	n	total	mean	median	min	max
control_mean	4335	1572418.97998913	362.72640830199	322.329585248709	27.4191329688964	3529.73986215839
MP41.D28A	4335	2060271.50753452	475.264476939913	423.532911366432	2.92152739685716	5273.89058402215
MP41.D28B	4335	2021503.12125399	466.321365917876	409.518193288469	2.37972047463773	4618.71489307996
MP41.D28C	4335	2091335.92256013	482.430431963122	421.084225798566	4.51704280852781	5274.75268607881
MP41.D32A	4335	2088665.75960328	481.814477417136	419.21439437421	2.17038911834973	5651.64791521018
MP41.D32B	4335	2065301.36591776	476.424767224396	422.05399802716	2.62476946770272	5387.45923770248
MP41.D32C	4335	2111153.62836918	487.001990396582	421.563519242058	2.30370786764929	5252.94772502078
