sample	total_counts	total_sgrnas	zero_sgrnas	pct_zero_sgrnas	low_sgrnas	pct_low_sgrnas	gini_index
control_mean	1558371.60609793	4261	0	0	2	0.05	0.06
OMM23.D28A	1333184.44127073	4261	0	0	12	0.28	0.06
OMM23.D28B	1326601.84302169	4261	0	0	11	0.26	0.06
OMM23.D28C	1338138.05951731	4261	0	0	12	0.28	0.06
OMM23.D35A	1319202.31475687	4261	0	0	12	0.28	0.06
OMM23.D35B	1327445.81721429	4261	0	0	14	0.33	0.06
OMM23.D35C	1332752.50063188	4261	0	0	14	0.33	0.06
