thresholds	specificity	sensitivity	ppv
-1.08453125	0.957627118644068	0.991150442477876	0.957264957264957
