sample	total_counts	total_sgrnas	zero_sgrnas	pct_zero_sgrnas	low_sgrnas	pct_low_sgrnas	gini_index
control_mean	1558371.60609793	4261	0	0	2	0.05	0.06
OMM1.D28A	1328406.58151339	4261	0	0	15	0.35	0.07
OMM1.D28B	1342588.91251751	4261	0	0	9	0.21	0.06
OMM1.D28C	1343059.07580126	4261	0	0	14	0.33	0.06
OMM1.D35A	1305314.55663903	4261	0	0	14	0.33	0.07
OMM1.D35B	1324424.945935	4261	0	0	11	0.26	0.07
OMM1.D35C	1319501.07173405	4261	0	0	15	0.35	0.06
