thresholds	specificity	sensitivity	ppv
0.179729166666667	0.983050847457627	0.469026548672566	0.963636363636364
