sample	total_counts	total_sgrnas	zero_sgrnas	pct_zero_sgrnas	low_sgrnas	pct_low_sgrnas	gini_index
control_mean	1558371.60609793	4261	0	0	2	0.05	0.06
MP38.D28A	1989859.97586218	4261	0	0	24	0.56	0.07
MP38.D28B	1964834.93776311	4261	0	0	24	0.56	0.07
MP38.D28C	1971903.85286351	4261	0	0	29	0.68	0.06
MP38.D65A	2126939.92766808	4261	0	0	251	5.89	0.11
MP38.D65B	2130760.03399303	4261	0	0	243	5.7	0.11
MP38.D65C	2169797.98609499	4261	0	0	227	5.33	0.11
