sample	n	total	mean	median	min	max
control_mean	4335	1649615.8737502	380.534226931994	352.871980779657	35.6088344543756	3720.10122073172
Mel202.D28A	4335	1433154.42488888	330.600790055104	306.542288612267	14.7151147054784	3573.11755213558
Mel202.D28B	4335	1453619.17433832	335.321608843904	311.451028623256	20.1377071884331	3600.5834941712
Mel202.D28C	4335	1452096.44911302	334.970345816153	313.443681863607	16.9651161749387	3386.84531281332
