sample	total_counts	total_sgrnas	zero_sgrnas	pct_zero_sgrnas	low_sgrnas	pct_low_sgrnas	gini_index
control_mean	3089523.99090013	8592	0	0	7	0.08	0.06
MP38.D28A	3852981.02946996	8592	0	0	125	1.45	0.07
MP38.D28B	3800118.26308009	8592	0	0	149	1.73	0.08
MP38.D28C	3831751.69225013	8592	0	0	159	1.85	0.07
MP38.D65A	4208952.34362432	8592	0	0	714	8.31	0.13
MP38.D65B	4191644.32893136	8592	0	0	730	8.5	0.13
MP38.D65C	4211344.4835802	8592	0	0	685	7.97	0.13
