thresholds	specificity	sensitivity	ppv
-0.286194444444444	0.957627118644068	0.884955752212389	0.952380952380952
