sample	total_counts	total_sgrnas	zero_sgrnas	pct_zero_sgrnas	low_sgrnas	pct_low_sgrnas	gini_index
control_mean	1631919.8435102	4261	0	0	0	0	0.04
Mel270.D28A	1421119.33317553	4261	0	0	8	0.19	0.05
Mel270.D28B	1420666.24456563	4261	0	0	9	0.21	0.05
Mel270.D28C	1428209.78594782	4261	0	0	5	0.12	0.05
Mel270.D35A	1429452.0864421	4261	0	0	13	0.31	0.05
Mel270.D35B	1420919.50920182	4261	0	0	10	0.23	0.05
Mel270.D35C	1428839.98976518	4261	0	0	6	0.14	0.05
