sample	total_counts	total_sgrnas	zero_sgrnas	pct_zero_sgrnas	low_sgrnas	pct_low_sgrnas	gini_index
control_mean	1649615.8737502	4335	0	0	0	0	0.04
Mel285.D28A	2174250.59587529	4335	0	0	0	0	0.05
Mel285.D28B	2108925.32769542	4335	0	0	1	0.02	0.05
Mel285.D28C	2158399.56977792	4335	0	0	0	0	0.06
Mel285.D49A	1074753.06823444	4335	0	0	5	0.12	0.06
Mel285.D49B	930414.491666	4335	0	0	3	0.07	0.05
Mel285.D49C	966236.565653538	4335	0	0	3	0.07	0.06
