sample	n	total	mean	median	min	max
MP46.D28A	1059	353.860832064695	0.33414620591567	0.373413489029631	-1.45096139627792	1.74829328503577
MP46.D28B	1059	373.459541882122	0.352653014052995	0.365349310913257	-2.3583721464211	1.62004725947719
MP46.D28C	1059	321.596731131906	0.303679632796889	0.318478787905591	-1.70191145405295	1.66448865210194
MP46.D64A	1059	-1033.6422449136	-0.976054999918414	-0.992300111770045	-4.78894044417082	2.91573566032298
MP46.D64B	1059	-1031.97012895686	-0.974476042452181	-0.963077956582622	-5.76906694103583	2.88928540096227
MP46.D64C	1059	-1128.31800526909	-1.06545609562709	-1.05602840622662	-4.61903158594828	2.28216859744361
