thresholds	specificity	sensitivity	ppv
-0.312208333333333	0.966101694915254	0.84070796460177	0.95959595959596
