sample	max_essential	max_nonessential	max_unknown	mean_essential	mean_nonessential	mean_unknown	median_essential	median_nonessential	median_unknown	min_essential	min_nonessential	min_unknown	n_genes_essential	n_genes_nonessential	n_genes_unknown	total_genes
control_mean	1051.51579554276	1174.21957846963	3529.73986215839	341.51	297.44	378.82	303.407884435933	266.259047871995	336.726338811593	33.0189334620668	32.9393229355718	27.4191329688964	113	118	828	1059
MP38.D28A	854.091288417204	1097.77002907427	3529.73986215839	240.42	267.87	337.76	210.09565865062	241.568829576245	300.950692037179	19.5128647610333	32.1627031389875	16.7578919532392	113	118	828	1059
MP38.D28B	802.486954267797	1152.52945394318	3529.73986215839	238.01	266.81	336.54	209.06842415182	242.166435695479	299.393070933472	16.2548208212263	25.5678373606185	15.3223773038328	113	118	828	1059
MP38.D28C	725.039423502417	1032.66933522008	3529.73986215839	236.83	265.24	336.25	210.545946221254	243.72726031216	299.232496660674	25.7633127139876	28.4526581630001	18.4782288825251	113	118	828	1059
MP38.D65A	660.351980871806	1113.77551868752	3234.10701512055	172.78	253.79	313.16	137.37177579136	229.488558934396	276.438263739557	11.8376647765395	21.2155982116367	10.5400716384705	113	118	828	1059
MP38.D65B	716.693721953616	909.600532920499	3529.73986215839	169.47	254.17	313.93	131.080885689729	228.656933520308	278.223379486737	8.72773479146711	19.4185475302599	11.2632273678726	113	118	828	1059
MP38.D65C	720.702333840085	985.351670644384	3529.73986215839	175.43	256.45	317.83	131.710491026143	231.968062078757	277.566741027589	11.2682030871805	9.75892116878557	9.28021380958713	113	118	828	1059
