sample	NNMD	Essential.Glass.Delta	max_essential	max_nonessential	max_unknown	mean_essential	mean_nonessential	mean_unknown	median_essential	median_nonessential	median_unknown	min_essential	min_nonessential	min_unknown	n_genes_essential	n_genes_nonessential	n_genes_unknown	total_genes
MP38.D28A	-5.618	2.488	-0.0587936731038115	0	0	-0.55	-0.15	-0.17	-0.515105481320016	-0.14066363374487	-0.128044324157655	-1.66790088410478	-0.354034259874651	-1.25375714588122	113	118	828	1059
MP38.D28B	-5.471	2.621	-0.0199247604529761	0	0	-0.57	-0.15	-0.18	-0.527835413203166	-0.148323968469358	-0.135648688642261	-1.41699285844911	-0.365908987532847	-1.41704803129984	113	118	828	1059
MP38.D28C	-5.585	2.506	0	-0.00667729070086585	0	-0.57	-0.15	-0.17	-0.55330825030646	-0.151155896112154	-0.126693067467498	-1.56668307394345	-0.428652095596618	-1.35625583311432	113	118	828	1059
MP38.D65A	-6.483	2.603	0	0	0	-1.2	-0.25	-0.34	-1.19628503930082	-0.221504257948135	-0.224537529290053	-2.88079150315742	-0.726649999668663	-2.60158691994841	113	118	828	1059
MP38.D65B	-6.849	2.660	-0.00200879141735691	0	0	-1.2	-0.24	-0.33	-1.16551112337653	-0.240232340923277	-0.223696508843912	-2.80937278115465	-0.623309066862862	-2.36564487532934	113	118	828	1059
MP38.D65C	-6.767	2.606	0	0	0	-1.15	-0.23	-0.31	-1.13051583107007	-0.221683864360676	-0.207125712201619	-2.58902029937146	-0.682821586036666	-2.25785280279581	113	118	828	1059
