sample	n	total	mean	median	min	max
control_mean	4261	1558371.60609793	365.729079112397	325.193892306712	27.4191329688964	3529.73986215839
MP38.D28A	4261	1361776.43854785	319.590809328291	284.059437445929	16.7578919532392	3529.73986215839
MP38.D28B	4261	1356119.91245185	318.263297923457	282.838022217218	15.3223773038328	3529.73986215839
MP38.D28C	4261	1353863.14043761	317.733663561984	283.075808441037	18.4782288825251	3529.73986215839
MP38.D65A	4261	1242557.52039106	291.611715651505	256.050565420359	10.5400716384705	3234.10701512055
MP38.D65B	4261	1243802.89240374	291.903987891045	257.050843692524	8.72773479146711	3529.73986215839
MP38.D65C	4261	1260563.47862837	295.837474449276	258.691181972476	9.28021380958713	3529.73986215839
