thresholds	specificity	sensitivity	ppv
-0.122979166666667	0.957627118644068	0.964601769911504	0.956140350877193
