sample	max_essential	max_nonessential	max_unknown	mean_essential	mean_nonessential	mean_unknown	median_essential	median_nonessential	median_unknown	min_essential	min_nonessential	min_unknown	n_genes_essential	n_genes_nonessential	n_genes_unknown	total_genes
control_mean	1020.93871358102	896.571281666169	3720.10122073172	357.12	288.57	396.55	338.093541047262	269.911296797664	366.319591591757	51.049340481628	41.327379674078	35.6088344543756	113	118	829	1060
Mel202.D28A	632.597678959516	948.858180001164	3573.11755213558	221.14	284.11	362.87	204.689349177705	266.597457888106	333.812802240443	14.7151147054784	34.8718873319295	21.3899386335222	113	118	829	1060
Mel202.D28B	649.830566915983	804.719617738649	3600.5834941712	245.39	280.53	365.14	231.044198875195	255.639565769593	337.489674635068	20.1377071884331	26.8016072615064	24.5240908660386	113	118	829	1060
Mel202.D28C	622.306661476485	826.632113394796	3386.84531281332	246.57	277.71	364.31	233.783192154763	257.202513746967	339.002638762439	16.9651161749387	35.9605480821465	27.3695011447358	113	118	829	1060
