sample	n	total	mean	median	min	max
control_mean	4335	1649615.8737502	380.534226931994	352.871980779657	35.6088344543756	3720.10122073172
Mel202.D28A	4335	1471338.31823216	339.409069949748	314.46998224745	14.7151147054784	3573.11755213558
Mel202.D28B	4335	1488318.8668542	343.326151523459	318.68409994948	20.1377071884331	3600.5834941712
Mel202.D28C	4335	1484662.09833682	342.482606306072	321.471821851039	16.9651161749387	3386.84531281332
