sample	max_essential	max_nonessential	max_unknown	mean_essential	mean_nonessential	mean_unknown	median_essential	median_nonessential	median_unknown	min_essential	min_nonessential	min_unknown	n_genes_essential	n_genes_nonessential	n_genes_unknown	total_genes
control_mean	1083.98926606839	1113.93020804736	3720.10122073172	362.72	287.22	402.14	337.70799847377	265.360950216973	368.497323226416	37.0624349850133	23.0478177677379	34.6450506372963	113	118	829	1060
Mel202.D28A	1279.80765056517	2637.57167331368	5580.29802194567	167.08	456.93	534.24	88.6010459368885	409.071395068062	480.022462283629	2.44646050077211	3.96818465031908	2.45313397482967	113	118	829	1060
Mel202.D28B	1175.19534819598	2298.72146885091	5681.33490651593	193.28	439.78	529.11	117.134314504611	399.076989028783	482.332611945322	3.79141775600138	20.6968097751302	3.80090386788357	113	118	829	1060
Mel202.D28C	1098.61468768151	2035.1601264299	4922.3216346254	194.35	433.36	527.9	120.078878227178	392.156072278622	480.92025831663	3.41461056405857	3.96032706225824	3.42454820359363	113	118	829	1060
