sample	NNMD	Essential.Glass.Delta	max_essential	max_nonessential	max_unknown	mean_essential	mean_nonessential	mean_unknown	median_essential	median_nonessential	median_unknown	min_essential	min_nonessential	min_unknown	n_genes_essential	n_genes_nonessential	n_genes_unknown	total_genes
Mel202.D28A	-12.144	1.644	0.365044374987204	1.01489228328977	2.07829409701645	-2.21	0.58	0.15	-2.14772516511865	0.620421028631212	0.440519224178995	-4.5906188998173	-0.178860246450686	-4.13017528013391	113	118	829	1060
Mel202.D28B	-10.137	1.482	0.260452529534916	1.01707819703487	1.75063862259175	-1.83	0.54	0.19	-1.79097016784693	0.568696078301868	0.425592283779938	-4.13460551571645	-0.0334110798618255	-3.48476637990378	113	118	829	1060
Mel202.D28C	-10.287	1.528	0.300065195671537	0.985547269650089	1.96773987486979	-1.82	0.5	0.18	-1.68476218912616	0.503628858525403	0.414091148508558	-4.20076618751537	-0.220945892496647	-3.40121383723663	113	118	829	1060
