sample	n	total	mean	median	min	max
control_mean	8592	3309583.6496989	385.193627758252	354.234655819272	23.0478177677379	3720.10122073172
Mel202.D28A	8592	4184322.61249561	487.0021662588	435.651286169459	2.44646050077211	5580.29802194567
Mel202.D28B	8592	4157037.20291969	483.826490097729	442.000419786228	3.79141775600138	5681.33490651593
Mel202.D28C	8592	4143707.64161199	482.275097952978	436.953804536206	3.41461056405857	4922.3216346254
