sample	total_counts	total_sgrnas	zero_sgrnas	pct_zero_sgrnas	low_sgrnas	pct_low_sgrnas	gini_index
control_mean	3309583.6496989	8592	0	0	1	0.01	0.04
Mel285.D28A	3422831.24808186	8592	0	0	1376	16.01	0.18
Mel285.D28B	3658342.4496256	8592	0	0	1449	16.86	0.17
Mel285.D28C	3529434.2229722	8592	0	0	1573	18.31	0.19
Mel285.D49A	1320520.48762939	8592	0	0	6631	77.18	0.31
Mel285.D49B	4907560.58805368	8592	0	0	7635	88.86	0.25
Mel285.D49C	3804705.52284749	8592	0	0	7169	83.44	0.31
