sample	total_counts	total_sgrnas	zero_sgrnas	pct_zero_sgrnas	low_sgrnas	pct_low_sgrnas	gini_index
control_mean	1631919.8435102	4261	0	0	0	0	0.04
MP46.D28A	2482643.61629801	4261	0	0	16	0.38	0.07
MP46.D28B	2478876.98996832	4261	0	0	20	0.47	0.07
MP46.D28C	2477962.32833748	4261	0	0	33	0.77	0.08
MP46.D64A	2860023.51202526	4261	0	0	565	13.26	0.17
MP46.D64B	2800223.35398016	4261	0	0	554	13	0.17
MP46.D64C	2611343.49327353	4261	0	0	600	14.08	0.18
