sample	total_counts	total_sgrnas	zero_sgrnas	pct_zero_sgrnas	low_sgrnas	pct_low_sgrnas	gini_index
control_mean	3309583.6496989	8592	0	0	1	0.01	0.04
OMM25.D28A	2947622.63585486	8592	0	0	22	0.26	0.06
OMM25.D28B	2947655.16499471	8592	0	0	23	0.27	0.06
OMM25.D28C	2970598.65256518	8592	0	0	23	0.27	0.06
OMM25.D42A	2933344.12406732	8592	0	0	23	0.27	0.06
OMM25.D42B	2907106.63279138	8592	0	0	49	0.57	0.06
OMM25.D42C	2914611.23974445	8592	0	0	45	0.52	0.06
