sample	max_essential	max_nonessential	max_unknown	mean_essential	mean_nonessential	mean_unknown	median_essential	median_nonessential	median_unknown	min_essential	min_nonessential	min_unknown	n_genes_essential	n_genes_nonessential	n_genes_unknown	total_genes
control_mean	1051.51579554276	1174.21957846963	3529.73986215839	341.51	297.44	374.71	303.407884435933	266.259047871995	332.710720662476	33.0189334620668	32.9393229355718	27.4191329688964	113	118	829	1060
OMM1.D28A	786.320561331325	1124.81136872042	3389.83095872284	206.17	278.63	334.28	176.180891115574	254.533508464834	293.880571497473	16.0049968504633	14.6657120317671	19.1030159076715	113	118	829	1060
OMM1.D28B	725.380993637915	1058.45821465301	3319.65367010154	208.74	281.02	336.28	182.312994380307	255.27680129152	299.17990650364	25.7365679946937	32.0960408252948	20.1439926264688	113	118	829	1060
OMM1.D28C	786.820320533285	1101.37923800047	3331.28032799238	210.78	281.48	336.82	179.325124937529	258.739458508236	296.570763054392	13.8851137298281	23.6754316689188	16.3113283295401	113	118	829	1060
OMM1.D35A	790.061709119433	1180.4656290008	3552.81483814582	195.52	278.71	332.05	168.014565496188	257.61539295689	290.288466989409	13.7755988731938	19.8655958250537	13.0371915957409	113	118	829	1060
OMM1.D35B	789.471262124278	1113.39478459918	3335.47659605423	198.95	282.29	334.72	164.677119897732	256.324979491197	294.108490576214	18.6242568666129	28.8044191712419	15.1360588098321	113	118	829	1060
OMM1.D35C	800.352470749669	1149.36830508828	3250.28222339694	199.37	282.65	334.39	161.215034403479	261.698388029389	296.585932258782	13.7956474147015	23.6278304355988	18.2421786363	113	118	829	1060
