sample	NNMD	Essential.Glass.Delta	max_essential	max_nonessential	max_unknown	mean_essential	mean_nonessential	mean_unknown	median_essential	median_nonessential	median_unknown	min_essential	min_nonessential	min_unknown	n_genes_essential	n_genes_nonessential	n_genes_unknown	total_genes
OMM1.D28A	-6.748	2.492	0.0411090473379058	0.114678639453011	0.38151935152556	-0.84	-0.11	-0.2	-0.780405031991365	-0.0960445382139365	-0.139813115385088	-1.81309079055457	-0.435787540787925	-1.90602556274508	113	118	829	1060
OMM1.D28B	-8.677	2.536	-0.0327702946068575	0.13315129775932	0.280204156440477	-0.79	-0.08	-0.17	-0.762891410039806	-0.0791685684839453	-0.120652064517011	-1.59018973045913	-0.396871869621089	-1.53323571134681	113	118	829	1060
OMM1.D28C	-7.826	2.391	0.0861851545604319	0.10876113340037	0.279674044695363	-0.79	-0.08	-0.17	-0.769381000392726	-0.0750425453523673	-0.116228360717372	-1.68431581064893	-0.381182855522416	-1.54676487909195	113	118	829	1060
OMM1.D35A	-6.702	2.575	-0.0317775955800549	0.196198496198472	0.46774908355736	-0.94	-0.11	-0.22	-0.912852102542766	-0.100428474907735	-0.15890715861661	-2.02980167536554	-0.481076535710811	-1.84357967752367	113	118	829	1060
OMM1.D35B	-7.694	2.520	0.0540594105769479	0.136592848403579	0.354836908570103	-0.89	-0.08	-0.19	-0.884911748787791	-0.0830437205449115	-0.131539893892259	-1.85444732413608	-0.437459019590479	-1.50197008673857	113	118	829	1060
OMM1.D35C	-7.160	2.362	0.0040273488252931	0.183379713356415	0.34243445760951	-0.89	-0.07	-0.19	-0.873125513183117	-0.0571298017293557	-0.123501382887526	-1.91310180954676	-0.394204866815949	-1.7597559618666	113	118	829	1060
