sample	n	total	mean	median	min	max
OMM1.D28A	1060	-269.775756278444	-0.254505430451363	-0.1518519239963	-1.90602556274508	0.38151935152556
OMM1.D28B	1060	-241.923941277514	-0.228230133280674	-0.127761172651765	-1.59018973045913	0.280204156440477
OMM1.D28C	1060	-243.5598974506	-0.229773488160944	-0.127568109327384	-1.68431581064893	0.279674044695363
OMM1.D35A	1060	-302.987389385904	-0.285837159798023	-0.173635953358167	-2.02980167536554	0.46774908355736
OMM1.D35B	1060	-270.900748887131	-0.255566744233143	-0.138831610385657	-1.85444732413608	0.354836908570103
OMM1.D35C	1060	-267.42024663122	-0.252283251538887	-0.13806046590374	-1.91310180954676	0.34243445760951
