sample	max_essential	max_nonessential	max_unknown	mean_essential	mean_nonessential	mean_unknown	median_essential	median_nonessential	median_unknown	min_essential	min_nonessential	min_unknown	n_genes_essential	n_genes_nonessential	n_genes_unknown	total_genes
control_mean	1020.93871358102	896.571281666169	3720.10122073172	357.12	288.57	396.55	338.093541047262	269.911296797664	366.319591591757	51.049340481628	41.327379674078	35.6088344543756	113	118	829	1060
OMM25.D28A	668.962428508202	940.302395206065	3724.74006463363	241.16	293.86	375.64	219.54175323179	273.21989338372	344.510892751936	21.1362174619598	30.8956177602873	17.9078644980134	113	118	829	1060
OMM25.D28B	705.897691270132	1009.15305577185	3631.17363778257	238.52	293.84	376.04	217.629427047022	270.278329242562	345.719685313562	26.6509304550639	31.3772971427294	23.2550726807029	113	118	829	1060
OMM25.D28C	686.914908313262	988.264817770341	3620.10354104251	239.7	295.49	378.38	218.605116958631	279.811559027955	349.631145787013	18.5881673402014	34.7290297455349	11.889345447346	113	118	829	1060
OMM25.D42A	697.416747617735	964.688243698203	3971.09708705723	226.47	296.26	376.67	202.585866347439	272.344426458877	341.676365732819	21.8115279058754	28.9580078003169	14.0480051709855	113	118	829	1060
OMM25.D42B	769.994008936357	1056.69336004289	3586.87614184906	216.8	294.15	372.45	189.592844016858	275.978134272174	341.13519494428	16.7717515375651	24.0884646479665	16.8655820160364	113	118	829	1060
OMM25.D42C	682.528756252374	976.106569892358	3644.3872319298	219.24	294.34	374.97	196.708499958812	281.567947464729	343.415891738231	17.1808979228469	29.0168896907616	12.3089565557239	113	118	829	1060
