sample	max_essential	max_nonessential	max_unknown	mean_essential	mean_nonessential	mean_unknown	median_essential	median_nonessential	median_unknown	min_essential	min_nonessential	min_unknown	n_genes_essential	n_genes_nonessential	n_genes_unknown	total_genes
control_mean	1051.51579554276	1174.21957846963	3529.73986215839	341.51	297.44	374.71	303.407884435933	266.259047871995	332.710720662476	33.0189334620668	32.9393229355718	27.4191329688964	113	118	829	1060
OMM1.D28A	761.496483862562	1124.81136872042	3389.83095872284	205.33	271.48	328.64	176.176700813545	246.522532619255	288.272455713773	16.0049968504633	14.6657120317671	19.1030159076715	113	118	829	1060
OMM1.D28B	725.380993637915	1058.45821465301	3319.65367010154	208	275.65	331.99	181.39802123934	249.979817944284	292.738488107709	25.7365679946937	32.0960408252948	20.1439926264688	113	118	829	1060
OMM1.D28C	761.496483862562	1101.37923800047	3331.28032799238	209.56	275.95	331.83	177.311917998802	249.633519578441	293.03200796993	13.8851137298281	23.6754316689188	16.3113283295401	113	118	829	1060
OMM1.D35A	762.97634047726	1174.21957846963	3529.73986215839	194.33	268.49	323.7	168.014565496188	245.906887521534	283.824464699117	13.7755988731938	19.8655958250537	13.0371915957409	113	118	829	1060
OMM1.D35B	761.496483862562	1113.39478459918	3335.47659605423	197.78	274.05	328.18	164.677119897732	247.656114756071	287.795395482473	18.6242568666129	28.8044191712419	15.1360588098321	113	118	829	1060
OMM1.D35C	761.496483862562	1149.36830508828	3250.28222339694	197.24	273.91	326.81	161.215034403479	249.986094972166	288.808634301578	13.7956474147015	23.6278304355988	18.2421786363	113	118	829	1060
