sample	total_counts	total_sgrnas	zero_sgrnas	pct_zero_sgrnas	low_sgrnas	pct_low_sgrnas	gini_index
control_mean	1572418.97998913	4335	0	0	3	0.07	0.06
MP41.D28A	2060271.50753452	4335	0	0	17	0.39	0.06
MP41.D28B	2021503.12125399	4335	0	0	31	0.72	0.07
MP41.D28C	2091335.92256013	4335	0	0	26	0.6	0.07
MP41.D32A	2088665.75960328	4335	0	0	29	0.67	0.07
MP41.D32B	2065301.36591776	4335	0	0	39	0.9	0.07
MP41.D32C	2111153.62836918	4335	0	0	37	0.85	0.07
