sample	total_counts	total_sgrnas	zero_sgrnas	pct_zero_sgrnas	low_sgrnas	pct_low_sgrnas	gini_index
control_mean	1558371.60609793	4261	0	0	2	0.05	0.06
OMM23.D28A	1341889.35878742	4261	0	0	12	0.28	0.06
OMM23.D28B	1337913.91239369	4261	0	0	10	0.23	0.06
OMM23.D28C	1346723.96701447	4261	0	0	11	0.26	0.06
OMM23.D35A	1334770.91433635	4261	0	0	11	0.26	0.06
OMM23.D35B	1342073.8654338	4261	0	0	13	0.31	0.06
OMM23.D35C	1347385.66723305	4261	0	0	14	0.33	0.06
