sample	max_essential	max_nonessential	max_unknown	mean_essential	mean_nonessential	mean_unknown	median_essential	median_nonessential	median_unknown	min_essential	min_nonessential	min_unknown	n_genes_essential	n_genes_nonessential	n_genes_unknown	total_genes
control_mean	1020.93871358102	896.571281666169	3720.10122073172	357.12	288.57	396.55	338.093541047262	269.911296797664	366.319591591757	51.049340481628	41.327379674078	35.6088344543756	113	118	829	1060
Mel270.D28A	1043.76155464634	1213.25695885335	4869.35179696829	325.69	417.27	535.57	296.861566450591	401.802455480536	486.285078084022	5.0092449415429	24.5599129372984	17.4070570783188	113	118	829	1060
Mel270.D28B	1058.67819735767	1352.63499531805	4577.47818236069	328.9	428.52	532.44	287.111314686184	403.387800230307	485.935272347373	11.5444383370459	24.5910266229862	8.59968956116647	113	118	829	1060
Mel270.D28C	1081.90790481982	1356.85579249199	3659.67203874626	324.6	438.57	537.16	291.298365547367	409.269497032658	491.270669453896	4.14251127768191	43.9160390322596	29.5092114105205	113	118	829	1060
Mel270.D35A	1051.74742924248	1562.81098904542	4754.1746339223	328.06	425	544.88	296.46532765826	399.572783860039	490.894732358116	3.5446988917213	15.6198905133529	12.5441766284665	113	118	829	1060
Mel270.D35B	1107.05610706708	1475.44442265858	4683.21621429762	322.64	431.82	537.15	274.20775061269	409.385341402566	486.698900220366	4.58465110789624	33.8704982976755	7.03017588443034	113	118	829	1060
Mel270.D35C	1077.5746490246	1488.87759590938	3772.89609207439	314.23	449.92	542.03	279.402941402496	409.047759746192	489.988054972249	2.62288739632933	53.8984625650773	16.1329647517276	113	118	829	1060
