sample	n	total	mean	median	min	max
control_mean	4335	1649615.8737502	380.534226931994	352.871980779657	35.6088344543756	3720.10122073172
Mel270.D28A	4335	2170278.48042274	500.640941273988	453.309186992471	5.0092449415429	4869.35179696829
Mel270.D28B	4335	2166440.58031883	499.755612530296	454.459796901317	8.59968956116647	4577.47818236069
Mel270.D28C	4335	2185374.21346061	504.123232632206	461.747823018262	4.14251127768191	3659.67203874626
Mel270.D35A	4335	2206760.92837007	509.056730881216	455.990022471927	3.5446988917213	4754.1746339223
Mel270.D35B	4335	2181226.54942961	503.166447388607	456.9078554882	4.58465110789624	4683.21621429762
Mel270.D35C	4335	2202694.12497487	508.118598610121	454.505494578155	2.62288739632933	3772.89609207439
