thresholds	specificity	sensitivity	ppv
-0.4295	0.966101694915254	0.831858407079646	0.959183673469388
