sample	total_counts	total_sgrnas	zero_sgrnas	pct_zero_sgrnas	low_sgrnas	pct_low_sgrnas	gini_index
control_mean	1558371.60609793	4261	0	0	2	0.05	0.06
MP38.D28A	1380139.40150873	4261	0	0	9	0.21	0.06
MP38.D28B	1372358.30681766	4261	0	0	8	0.19	0.06
MP38.D28C	1372853.86973081	4261	0	0	6	0.14	0.06
MP38.D65A	1335250.53118215	4261	0	0	51	1.2	0.07
MP38.D65B	1335541.8851372	4261	0	0	38	0.89	0.07
MP38.D65C	1354820.44356316	4261	0	0	51	1.2	0.07
