sample	NNMD	Essential.Glass.Delta	max_essential	max_nonessential	max_unknown	mean_essential	mean_nonessential	mean_unknown	median_essential	median_nonessential	median_unknown	min_essential	min_nonessential	min_unknown	n_genes_essential	n_genes_nonessential	n_genes_unknown	total_genes
Mel285.D28A	-4.403	3.540	0.490475888451673	1.27220294309498	5.56811992575039	-3.76	-0.76	-1.07	-3.86295541764522	-0.791730160197806	-0.883268679147226	-6.11726664697782	-2.26914821830124	-5.36867535100091	113	118	829	1060
Mel285.D28B	-4.396	4.002	0.995807166044244	0.568182239914573	6.43581317810974	-3.73	-1	-1.17	-3.87627283847512	-1.01048209941467	-0.96637292016925	-5.86698185020425	-2.81515865744734	-5.06800965565102	113	118	829	1060
Mel285.D28C	-4.896	3.600	1.41078644914867	0.542199621528229	5.33553745406178	-3.79	-0.81	-1.21	-3.93402876468749	-0.820079784289493	-1.00504002960765	-6.75587163871973	-2.20157909424765	-5.64849408261528	113	118	829	1060
Mel285.D49A	-2.567	16.555	-4.32389101814878	-1.64417808534156	6.92627794051383	-6.23	-4.4	-4.94	-6.29012008654004	-4.36866990710252	-4.98292583693695	-7.51342504764117	-5.83184901138884	-7.08985971294747	113	118	829	1060
Mel285.D49B	-2.619	25.925	-5.07576653345812	-3.22133603449795	7.8471257017571	-6.37	-5.14	-5.47	-6.37592895653947	-5.20564726610547	-5.52734640978219	-7.4574682180544	-5.9988257960076	-7.46834303538526	113	118	829	1060
Mel285.D49C	-2.472	16.895	-2.83571795628463	-3.21706059943808	6.27934669174085	-6.52	-5.03	-5.36	-6.57057848419207	-4.99611542210785	-5.41836707830585	-7.67250700090858	-6.31347687712675	-7.40968893070141	113	118	829	1060
