sample	max_essential	max_nonessential	max_unknown	mean_essential	mean_nonessential	mean_unknown	median_essential	median_nonessential	median_unknown	min_essential	min_nonessential	min_unknown	n_genes_essential	n_genes_nonessential	n_genes_unknown	total_genes
control_mean	1083.98926606839	1113.93020804736	3720.10122073172	362.72	287.22	402.14	337.70799847377	265.360950216973	368.497323226416	37.0624349850133	23.0478177677379	34.6450506372963	113	118	829	1060
Mel285.D28A	4328.19920761025	7122.07026793608	68172.6356852576	98.07	364.41	443.54	21.1211205431959	163.31441934706	196.183936315186	2.17125941213017	2.18553282247313	2.18504871590739	113	118	829	1060
Mel285.D28B	1996.35190712037	4693.69350756765	265686.516388048	82.81	301.74	489.48	19.5430233674268	133.231040340287	174.140692453454	3.20470826384669	3.19090021173346	3.18018839304499	113	118	829	1060
Mel285.D28C	76084.6738516554	3894.71942070514	225120.2976144	195.4	324.41	451.99	21.8367353004424	160.225438581233	185.87282954639	2.0911094367702	2.09842920604306	2.09661121466831	113	118	829	1060
Mel285.D49A	523.838792603792	20080.1169953187	475692.649013916	9.27	80.16	183.54	2.03978624439355	8.50508049441645	8.81351830482277	2.01465041572765	1.99847459491654	2.01278095095625	113	118	829	1060
Mel285.D49B	92.1696318033458	3080.69242804784	2413305.90785854	4.44	19.01	725.8	2.53655547194636	4.57251219253003	5.38565555812405	2.50561581729508	2.48549798833297	2.50329076851017	113	118	829	1060
Mel285.D49C	638650.06132159	1492.0200697517	2587021.4339267	713.93	25.29	465.77	1.697404006942	5.52360809445489	6.24327784254184	1.67640111081252	1.68226922518479	1.67549068282895	113	118	829	1060
