sample	n	total	mean	median	min	max
control_mean	8592	3309583.6496989	385.193627758252	354.234655819272	23.0478177677379	3720.10122073172
Mel285.D28A	8592	3422831.24808186	398.374214162228	164.492494058773	2.17125941213017	68172.6356852576
Mel285.D28B	8592	3658342.4496256	425.78473575717	146.990165038115	3.18018839304499	265686.516388048
Mel285.D28C	8592	3529434.2229722	410.781450532146	159.14648114136	2.0911094367702	225120.2976144
Mel285.D49A	8592	1320520.48762939	153.691863085357	7.27745423730604	1.99847459491654	475692.649013916
Mel285.D49B	8592	4907560.58805368	571.177908293026	4.57357047976162	2.48549798833297	2413305.90785854
Mel285.D49C	8592	3804705.52284749	442.819544093051	5.05084595797717	1.67549068282895	2587021.4339267
