sample	total_counts	total_sgrnas	zero_sgrnas	pct_zero_sgrnas	low_sgrnas	pct_low_sgrnas	gini_index
control_mean	1631919.8435102	4261	0	0	0	0	0.04
OMM25.D28A	1511190.38097336	4261	0	0	3	0.07	0.05
OMM25.D28B	1511238.65335084	4261	0	0	5	0.12	0.05
OMM25.D28C	1519874.88970072	4261	0	0	5	0.12	0.05
OMM25.D42A	1508278.43246733	4261	0	0	4	0.09	0.05
OMM25.D42B	1488718.49044612	4261	0	0	11	0.26	0.05
OMM25.D42C	1498231.08184028	4261	0	0	9	0.21	0.05
