sample	max_essential	max_nonessential	max_unknown	mean_essential	mean_nonessential	mean_unknown	median_essential	median_nonessential	median_unknown	min_essential	min_nonessential	min_unknown	n_genes_essential	n_genes_nonessential	n_genes_unknown	total_genes
control_mean	1051.51579554276	1174.21957846963	3529.73986215839	341.51	297.44	378.82	303.407884435933	266.259047871995	336.726338811593	33.0189334620668	32.9393229355718	27.4191329688964	113	118	828	1059
MP41.D28A	671.432330533079	998.469628657636	3174.91448805462	222.99	252.9	315.02	201.994409996182	231.942434764929	282.028288128854	23.0554375178771	30.8981733616446	14.1642797098526	113	118	828	1059
MP41.D28B	694.681451328894	933.110367233567	2986.97428145693	220.33	249.83	311.8	195.282352036717	229.56336967175	276.421851911561	17.9531423065535	19.4096301032296	20.5102586195187	113	118	828	1059
MP41.D28C	663.796628606238	1014.64167347921	3175.15321296049	222.29	255.1	316.59	194.034247221112	228.900754828109	282.653382597141	25.2208534191425	19.3731362866635	12.4574946381788	113	118	828	1059
MP41.D32A	661.201292377302	1040.37303076839	3277.57205372116	217.81	252.78	314.13	194.681646736134	230.728653595389	279.470137997349	12.4222125752363	25.6862076047017	13.19636748678	113	118	828	1059
MP41.D32B	724.066236515862	910.587727492437	3206.18334007002	216.18	251.4	312.67	191.653833721583	231.1736130795	279.123738408697	18.7810751204236	12.7820495782067	22.889215030434	113	118	828	1059
MP41.D32C	665.956843967701	967.258550042107	3169.10870865994	215.56	252.73	314.02	193.501323157415	227.810653080161	279.033633761845	16.6709110007546	24.2464526478155	12.6978612160634	113	118	828	1059
