sample	n	total	mean	median	min	max
MP41.D28A	1059	-312.163709246579	-0.294772152263059	-0.239969727447433	-1.45748954392725	0
MP41.D28B	1059	-333.214603356867	-0.314650239241612	-0.261585320777846	-1.63866561472147	0
MP41.D28C	1059	-319.875280159913	-0.302054088913988	-0.242404727550582	-1.64962396586108	0
MP41.D32A	1059	-328.159145457599	-0.309876435748441	-0.244815426747291	-1.62223991185871	0
MP41.D32B	1059	-338.127714140789	-0.319289626195268	-0.256556242604573	-1.68417632232358	0
MP41.D32C	1059	-334.035487069307	-0.315425389111716	-0.248999215895641	-1.73781690686539	0
