sample	max_essential	max_nonessential	max_unknown	mean_essential	mean_nonessential	mean_unknown	median_essential	median_nonessential	median_unknown	min_essential	min_nonessential	min_unknown	n_genes_essential	n_genes_nonessential	n_genes_unknown	total_genes
control_mean	1083.98926606839	1113.93020804736	3720.10122073172	362.72	287.22	402.14	337.70799847377	265.360950216973	368.497323226416	37.0624349850133	23.0478177677379	34.6450506372963	113	118	829	1060
Mel270.D28A	843.147102480624	1113.93020804736	3289.61297786139	189.99	252.28	329.13	157.503890931685	235.622888817497	302.798814394319	9.47309629976029	12.7763134672682	10.9451586356711	113	118	829	1060
Mel270.D28B	841.910703220445	1113.93020804736	3168.06984958425	187.67	252.9	328.83	161.143560826269	230.645902329092	302.444980029523	8.56029652498585	19.7653809211338	9.02626348370051	113	118	829	1060
Mel270.D28C	767.66022741549	1113.93020804736	2764.42030245638	186.63	255.11	329.6	160.449111325875	233.182477342472	303.946187156049	9.0846399922825	15.033442802999	11.7975168150878	113	118	829	1060
Mel270.D35A	885.920836356747	1113.93020804736	3242.00018705479	186.4	248.83	324.28	154.412507403261	231.563580016339	297.218277692716	9.80862917416402	17.1632058032156	14.1568222804682	113	118	829	1060
Mel270.D35B	856.069277032987	1113.93020804736	3212.44226645317	182.19	250.63	326.65	158.839796444083	229.144476379241	299.356207028019	8.5548975425408	9.79065907110785	10.4195060825671	113	118	829	1060
Mel270.D35C	661.480779155095	1113.93020804736	2816.20022901018	178.23	253.88	325.09	154.349238588856	231.734111706824	298.494153732973	8.20362813906719	14.3433260810362	8.87275721701029	113	118	829	1060
