sample	NNMD	Essential.Glass.Delta	max_essential	max_nonessential	max_unknown	mean_essential	mean_nonessential	mean_unknown	median_essential	median_nonessential	median_unknown	min_essential	min_nonessential	min_unknown	n_genes_essential	n_genes_nonessential	n_genes_unknown	total_genes
Mel270.D28A	-9.681	3.258	-0.154717084639283	-0.00386434932521313	0	-1.2	-0.21	-0.35	-1.16839429933199	-0.205006585924157	-0.23249991211385	-2.68648748911372	-0.525430127091712	-2.44580417655696	113	118	829	1060
Mel270.D28B	-9.871	3.166	-0.210584133467907	-0.0252837290541744	0	-1.22	-0.22	-0.35	-1.19587005591936	-0.208947441040937	-0.237781484786429	-2.31807249311978	-0.545255158583389	-2.11673598201631	113	118	829	1060
Mel270.D28C	-11.133	3.098	-0.195511248735988	-0.00684601844295758	0	-1.24	-0.2	-0.35	-1.22906071066712	-0.181657854278117	-0.232724199166289	-2.59264951994423	-0.582700856259003	-2.35576524792965	113	118	829	1060
Mel270.D35A	-8.348	3.342	-0.253994954164425	-0.000599395921483925	0	-1.25	-0.24	-0.38	-1.25446524771925	-0.233581469684818	-0.254699428406086	-2.58904187141045	-0.627639601053224	-2.48295182658094	113	118	829	1060
Mel270.D35B	-8.618	3.201	-0.193002766373579	-0.0280067591686548	0	-1.3	-0.24	-0.37	-1.24933919228963	-0.229106031170437	-0.240675911491121	-2.44126484107082	-0.642751406177772	-2.28433012946398	113	118	829	1060
Mel270.D35C	-11.018	3.214	-0.298729328626984	-0.0188666288703927	0	-1.35	-0.21	-0.39	-1.33937441446651	-0.193586673820283	-0.263805979482436	-2.91867663937923	-0.671525288625755	-2.54335700118266	113	118	829	1060
