sample	n	total	mean	median	min	max
control_mean	8592	3309583.6496989	385.193627758252	354.234655819272	23.0478177677379	3720.10122073172
Mel270.D28A	8592	2628579.13510395	305.933325780255	282.448196892823	9.47309629976029	3289.61297786139
Mel270.D28B	8592	2625044.88493927	305.521983815092	280.203527156075	8.56029652498585	3168.06984958425
Mel270.D28C	8592	2631384.13401409	306.259792133856	282.839206761711	9.0846399922825	2764.42030245638
Mel270.D35A	8592	2589368.75926762	301.369734551632	276.688492424564	9.80862917416402	3242.00018705479
Mel270.D35B	8592	2603233.75422136	302.983444392616	278.0266204173	8.5548975425408	3212.44226645317
Mel270.D35C	8592	2592235.45633409	301.703381789349	275.699095449699	8.20362813906719	2816.20022901018
