thresholds	specificity	sensitivity	ppv
-1.40384375	0.957627118644068	1	0.957627118644068
