sample	total_counts	total_sgrnas	zero_sgrnas	pct_zero_sgrnas	low_sgrnas	pct_low_sgrnas	gini_index
control_mean	1572418.97998913	4335	0	0	3	0.07	0.06
MP41.D28A	1284006.34091184	4335	0	0	9	0.21	0.06
MP41.D28B	1270372.81652031	4335	0	0	16	0.37	0.06
MP41.D28C	1289450.39962779	4335	0	0	17	0.39	0.06
MP41.D32A	1278499.84830256	4335	0	0	12	0.28	0.06
MP41.D32B	1272073.61061815	4335	0	0	14	0.32	0.06
MP41.D32C	1276868.17702738	4335	0	0	17	0.39	0.06
