sample	total_counts	total_sgrnas	zero_sgrnas	pct_zero_sgrnas	low_sgrnas	pct_low_sgrnas	gini_index
control_mean	1572418.97998913	4335	0	0	3	0.07	0.06
MP38.D28A	2012514.02849167	4335	0	0	24	0.55	0.07
MP38.D28B	1986500.12041463	4335	0	0	24	0.55	0.07
MP38.D28C	1995480.24813176	4335	0	0	29	0.67	0.06
MP38.D65A	2148108.09289642	4335	0	0	254	5.86	0.11
MP38.D65B	2165693.29146267	4335	0	0	245	5.65	0.11
MP38.D65C	2203199.45884153	4335	0	0	229	5.28	0.11
