sample	max_essential	max_nonessential	max_unknown	mean_essential	mean_nonessential	mean_unknown	median_essential	median_nonessential	median_unknown	min_essential	min_nonessential	min_unknown	n_genes_essential	n_genes_nonessential	n_genes_unknown	total_genes
control_mean	1051.51579554276	1174.21957846963	3529.73986215839	341.51	297.44	374.71	303.407884435933	266.259047871995	332.710720662476	33.0189334620668	32.9393229355718	27.4191329688964	113	118	829	1060
X921.D28A	674.456715842187	983.683805150408	3134.6106166877	226.33	249.82	303.07	203.855877940436	227.72102106648	271.991274463926	20.7706438323592	22.5416915458331	19.9917313482099	113	118	829	1060
X921.D28B	658.091946460772	1040.0253517087	3299.84334401251	225.9	249.79	303.63	197.626329356318	226.021843404233	269.931590887835	16.9579024133771	29.3642486171311	6.16763579159374	113	118	829	1060
X921.D28C	661.060394430936	1047.06933061556	3271.53759461638	224.21	248.41	301.19	198.438832709509	225.269928798645	267.279101953449	9.99618359660771	22.4341867762422	17.2903148581373	113	118	829	1060
X921.D42A	707.354888812236	968.460813587959	3213.87089994814	208.32	248.87	299.29	181.613532121326	215.326675472074	259.66380606294	11.1205511005461	22.6854150184463	10.4266503396578	113	118	829	1060
X921.D42B	643.220620720189	1007.31585038919	3206.95271679568	208.35	244.49	297.72	177.768216435579	216.568589542741	260.853236462335	10.5000845068637	27.0486785491792	6.65271511974016	113	118	829	1060
X921.D42C	747.840217253881	1000.67597787127	3268.16179291036	207.5	247.35	297.29	176.219337938316	224.039245125944	259.622271494909	12.7457444871987	14.7648617446461	8.17679425910933	113	118	829	1060
