sample	NNMD	Essential.Glass.Delta	max_essential	max_nonessential	max_unknown	mean_essential	mean_nonessential	mean_unknown	median_essential	median_nonessential	median_unknown	min_essential	min_nonessential	min_unknown	n_genes_essential	n_genes_nonessential	n_genes_unknown	total_genes
X921.D28A	-2.540	2.927	0.0380391779759412	0.101429773855567	0.208252211845478	-0.6	-0.24	-0.29	-0.591890647255181	-0.223253217106012	-0.269634533160549	-1.59227522744158	-0.692508392855592	-1.17735365519804	113	118	829	1060
X921.D28B	-2.704	2.842	0.0140322698281672	0.0753260225676932	0.376537129440652	-0.61	-0.24	-0.3	-0.571432727148881	-0.233812667737491	-0.270509233722565	-1.91287288214054	-0.628114553134775	-1.2222206121288	113	118	829	1060
X921.D28C	-2.695	2.986	-0.0168854224280271	0.0158493827614959	0.256110214520379	-0.63	-0.26	-0.31	-0.606784401640678	-0.248281149696784	-0.289983626615777	-1.54834019548542	-0.627750148755678	-1.48792410679407	113	118	829	1060
X921.D42A	-2.401	2.568	0.237422287271569	0.292500052086703	0.869957048710225	-0.79	-0.29	-0.35	-0.748590490398873	-0.279352382055371	-0.329090397466821	-2.45122312143596	-0.787021804968516	-1.32321870048139	113	118	829	1060
X921.D42B	-2.394	2.870	0.215957830759932	0.192331949679837	0.8067020222036	-0.78	-0.31	-0.36	-0.78850281895197	-0.29622764486951	-0.32088671540554	-1.84688956113128	-0.861692546187996	-1.81128330056782	113	118	829	1060
X921.D42C	-2.353	2.810	0.0152965566132611	0.128679004061382	0.643507603376564	-0.79	-0.31	-0.37	-0.749543229676114	-0.295256543485937	-0.331619706157902	-2.20287068963994	-0.915708860239362	-2.08810058221506	113	118	829	1060
