sample	n	total	mean	median	min	max
control_mean	4335	1572418.97998913	362.72640830199	322.329585248709	27.4191329688964	3529.73986215839
X921.D28A	4335	1253659.52657544	289.194815819017	258.153051453828	19.9917313482099	3134.6106166877
X921.D28B	4335	1255354.23631249	289.585752321221	256.446834246919	6.16763579159374	3299.84334401251
X921.D28C	4335	1245628.51000009	287.342216839699	257.079266606215	9.99618359660771	3271.53759461638
X921.D42A	4335	1232201.15357019	284.244787444103	247.21204259513	10.4266503396578	3213.87089994814
X921.D42B	4335	1224791.06214105	282.53542379263	246.533277305588	6.65271511974016	3206.95271679568
X921.D42C	4335	1224289.97993889	282.419833895938	246.291420403975	8.17679425910933	3268.16179291036
