thresholds	specificity	sensitivity	ppv
-0.0721458333333332	0.957627118644068	0.893805309734513	0.952830188679245
