sample	total_counts	total_sgrnas	zero_sgrnas	pct_zero_sgrnas	low_sgrnas	pct_low_sgrnas	gini_index
control_mean	3309583.6496989	8592	0	0	1	0.01	0.04
OMM25.D28A	3931955.21177366	8592	0	0	321	3.74	0.09
OMM25.D28B	3919957.87631096	8592	0	0	333	3.88	0.09
OMM25.D28C	3978000.98575964	8592	0	0	313	3.64	0.09
OMM25.D42A	4101895.54632669	8592	0	0	446	5.19	0.11
OMM25.D42B	4012582.16399628	8592	0	0	488	5.68	0.11
OMM25.D42C	4039545.00740944	8592	0	0	498	5.8	0.11
