sample	total_counts	total_sgrnas	zero_sgrnas	pct_zero_sgrnas	low_sgrnas	pct_low_sgrnas	gini_index
control_mean	1572418.97998913	4335	0	0	3	0.07	0.06
OMM23.D28A	1355472.40263996	4335	0	0	12	0.28	0.06
OMM23.D28B	1352128.85900223	4335	0	0	10	0.23	0.06
OMM23.D28C	1360556.55848438	4335	0	0	12	0.28	0.06
OMM23.D35A	1348848.05070231	4335	0	0	12	0.28	0.06
OMM23.D35B	1356129.70317335	4335	0	0	13	0.3	0.06
OMM23.D35C	1361259.28975703	4335	0	0	15	0.35	0.06
