sample	max_essential	max_nonessential	max_unknown	mean_essential	mean_nonessential	mean_unknown	median_essential	median_nonessential	median_unknown	min_essential	min_nonessential	min_unknown	n_genes_essential	n_genes_nonessential	n_genes_unknown	total_genes
control_mean	1384.58579630835	1692.39890823246	3529.73986215839	340.15	285.06	372.79	289.295674898748	242.778185333443	316.205445936226	27.5377246684356	25.5414381820316	23.9696468843586	113	118	829	1060
MP41.D28A	1338.80468288717	3078.8400199782	5273.89058402215	202.08	408.17	484.16	135.929711610309	357.782731951701	420.695755762992	2.22911312644678	26.7379762481727	2.2367625440636	113	118	829	1060
MP41.D28B	1315.5576830729	2377.71709467502	4895.13536297296	204.79	410.76	485.83	138.703372812112	355.635335210274	418.012445737446	2.37210951893258	16.8771170515239	2.37835578370755	113	118	829	1060
MP41.D28C	1318.06282074437	2153.50976927631	5274.75268607881	199.66	406.84	480.8	118.094307324032	333.989464089679	400.352345254394	2.3231529653874	9.87766665536146	2.3305625834653	113	118	829	1060
MP41.D32A	1313.98964227542	3195.21787470724	5651.64791521018	193.68	415.83	488.46	121.790239538523	352.380637549039	410.969837488932	2.16901943000425	8.83811611583246	2.17746084016647	113	118	829	1060
MP41.D32B	1283.78847323882	2550.94997136616	5892.85228720959	198.42	419.89	492.11	127.924587239498	362.909728581561	422.42792410028	2.61637478254205	6.8063380487465	2.62407883867261	113	118	829	1060
MP41.D32C	1476.47378210578	2361.32044196032	5252.94772502078	195.89	418.11	492.84	115.446322569504	350.61988878081	417.36415824962	2.3023378368541	11.9124634431718	2.30370786764929	113	118	829	1060
