sample	NNMD	Essential.Glass.Delta	max_essential	max_nonessential	max_unknown	mean_essential	mean_nonessential	mean_unknown	median_essential	median_nonessential	median_unknown	min_essential	min_nonessential	min_unknown	n_genes_essential	n_genes_nonessential	n_genes_unknown	total_genes
MP41.D28A	-8.334	1.197	0.600841302538866	1.02338316558669	1.9367798296778	-1.34	0.48	0.25	-1.34884924664787	0.493771262433921	0.387939604031101	-3.4340799240158	-0.22378636028591	-3.18970967493946	113	118	829	1060
MP41.D28B	-8.593	1.199	0.545605525531607	1.16653144016845	1.82601997090409	-1.41	0.49	0.25	-1.41561666695578	0.475663752000945	0.401589534614297	-3.37128693779228	-0.206567398243745	-2.78499569209432	113	118	829	1060
MP41.D28C	-9.285	1.419	0.205999972158024	0.933152826849452	1.91739123556077	-1.48	0.43	0.2	-1.43271948732626	0.410538142034523	0.335145235369259	-3.26673799589716	-0.0618230662875599	-2.64304052916469	113	118	829	1060
MP41.D32A	-8.165	1.388	0.499704974233846	0.957109957616196	2.01513772073725	-1.54	0.47	0.21	-1.50860927663693	0.49498715716437	0.377833694579505	-3.53723058303629	-0.25938008071173	-3.52009140449955	113	118	829	1060
MP41.D32B	-8.692	1.253	0.652625073905619	1.10892160667216	1.9568135822865	-1.55	0.5	0.23	-1.5219194304635	0.500241622329881	0.394427340233562	-3.88251575555544	-0.0358464598689641	-3.00173339988722	113	118	829	1060
MP41.D32C	-8.602	1.363	0.20495343761299	0.964647348100834	2.09031175780835	-1.58	0.47	0.22	-1.49048789471571	0.462092812483151	0.385382299188141	-3.50799579974436	-0.22616235774571	-3.21144642488451	113	118	829	1060
