sample	n	total	mean	median	min	max
control_mean	8592	3089523.99090013	359.58147007683	304.507213991716	23.9696468843586	3529.73986215839
MP41.D28A	8592	3832169.29571247	446.015979482363	382.773850227386	2.22911312644678	5273.89058402215
MP41.D28B	8592	3848353.17186311	447.899577730809	383.937536649191	2.37210951893258	4895.13536297296
MP41.D28C	8592	3806078.75290757	442.979370682911	363.436583513315	2.3231529653874	5274.75268607881
MP41.D32A	8592	3860878.84720785	449.357407729033	375.296390250882	2.16901943000425	5651.64791521018
MP41.D32B	8592	3893618.62337675	453.167903093197	386.270618361337	2.61637478254205	5892.85228720959
MP41.D32C	8592	3894551.59258335	453.27648889471	377.772467149707	2.3023378368541	5252.94772502078
