sample	total_counts	total_sgrnas	zero_sgrnas	pct_zero_sgrnas	low_sgrnas	pct_low_sgrnas	gini_index
control_mean	1649615.8737502	4335	0	0	0	0	0.04
OMM25.D28A	1466102.64148438	4335	0	0	3	0.07	0.05
OMM25.D28B	1470353.85980813	4335	0	0	5	0.12	0.05
OMM25.D28C	1478056.68064746	4335	0	0	5	0.12	0.05
OMM25.D42A	1432142.44125484	4335	0	0	4	0.09	0.05
OMM25.D42B	1424663.90694033	4335	0	0	11	0.25	0.05
OMM25.D42C	1427148.40876659	4335	0	0	9	0.21	0.05
