sample	max_essential	max_nonessential	max_unknown	mean_essential	mean_nonessential	mean_unknown	median_essential	median_nonessential	median_unknown	min_essential	min_nonessential	min_unknown	n_genes_essential	n_genes_nonessential	n_genes_unknown	total_genes
control_mean	1384.58579630835	1692.39890823246	3529.73986215839	340.15	285.06	372.79	289.295674898748	242.778185333443	316.205445936226	27.5377246684356	25.5414381820316	23.9696468843586	113	118	829	1060
OMM1.D28A	1652.91020135764	3730.12830609437	5978.44079236405	133.29	475.08	519.26	55.9672104507408	389.263059913065	410.517427261994	2.55629212941668	2.54193189453384	2.55888274084648	113	118	829	1060
OMM1.D28B	1285.84832228057	3211.88400275339	5565.58728475796	138.7	484.32	524.32	61.051241922894	392.584855864505	434.501243372698	2.49108905015053	5.3029409112072	2.49649114374337	113	118	829	1060
OMM1.D28C	1732.39388042892	4917.91425890648	6290.46603137016	144.08	484.07	526.03	61.4898222075972	399.766638904188	422.967309644956	2.24190383694822	2.25197612263174	2.25805439423848	113	118	829	1060
OMM1.D35A	1863.70161349185	4169.14214205864	7664.59262427268	123.5	493.91	529.34	42.0405578198459	390.085878017026	388.155889316415	2.45255525965268	2.44101937372152	2.47042765612517	113	118	829	1060
OMM1.D35B	1675.67492586645	4075.04927268209	5656.8533652556	129.88	504.12	532.22	49.5179271238065	403.83140343101	424.38944158421	2.67416490952235	5.30821147305631	2.68058108731256	113	118	829	1060
OMM1.D35C	2033.61856869862	4667.73946675698	7334.34497472137	138.09	506.95	541.18	54.2950675829603	413.554059780952	430.263867314045	2.46408273954356	2.47515321673865	2.48248661334967	113	118	829	1060
