sample	NNMD	Essential.Glass.Delta	max_essential	max_nonessential	max_unknown	mean_essential	mean_nonessential	mean_unknown	median_essential	median_nonessential	median_unknown	min_essential	min_nonessential	min_unknown	n_genes_essential	n_genes_nonessential	n_genes_unknown	total_genes
OMM1.D28A	-10.285	1.890	0.0614124466515377	1.35160110598716	2.40105358336781	-2.66	0.57	0.12	-2.46313419539972	0.608482267549956	0.414173407575039	-5.49570773475085	-0.24488636256816	-5.12637548030986	113	118	829	1060
OMM1.D28B	-12.385	1.674	0.267115315517425	1.38680813082518	2.20547721473019	-2.41	0.68	0.21	-2.40865457461676	0.698887542294769	0.492899216693705	-4.70084737751193	-0.0456161346731798	-3.84673932911517	113	118	829	1060
OMM1.D28C	-11.592	1.691	0.291848653202292	1.19991859269187	2.39838064756196	-2.47	0.64	0.18	-2.4883131155623	0.64794677341276	0.464894051069302	-5.09170504984238	-0.366696335540733	-4.78287234712002	113	118	829	1060
OMM1.D35A	-9.828	2.154	-0.097082410399939	1.44119741120788	2.68383623196806	-2.98	0.53	0.01	-2.82019757282834	0.580050494207613	0.350135539189082	-5.87546009893099	-0.423291779404967	-5.13346226213531	113	118	829	1060
OMM1.D35B	-11.176	1.860	0.188169812452355	1.54687412434362	2.43828102178138	-2.75	0.64	0.12	-2.72237262986726	0.692881430446727	0.449990787503541	-5.48606581148866	-0.236353909386687	-4.01543407162767	113	118	829	1060
OMM1.D35C	-10.336	1.822	0.0325344780221853	1.55246413386908	2.69910905435211	-2.77	0.66	0.15	-2.7458299410638	0.682212606838216	0.477933687753402	-5.07844217937092	-0.31649797815575	-4.98820456380118	113	118	829	1060
