sample	total_counts	total_sgrnas	zero_sgrnas	pct_zero_sgrnas	low_sgrnas	pct_low_sgrnas	gini_index
control_mean	3309583.6496989	8592	0	0	1	0.01	0.04
MP46.D28A	4691954.75614959	8592	0	0	84	0.98	0.08
MP46.D28B	4771396.95387047	8592	0	0	95	1.11	0.08
MP46.D28C	4700713.31454911	8592	0	0	119	1.39	0.08
MP46.D64A	5043946.38425331	8592	0	0	1486	17.3	0.19
MP46.D64B	5110746.00940489	8592	0	0	1499	17.45	0.19
MP46.D64C	4543992.52147621	8592	0	0	1634	19.02	0.19
