sample	max_essential	max_nonessential	max_unknown	mean_essential	mean_nonessential	mean_unknown	median_essential	median_nonessential	median_unknown	min_essential	min_nonessential	min_unknown	n_genes_essential	n_genes_nonessential	n_genes_unknown	total_genes
control_mean	1384.58579630835	1692.39890823246	3529.73986215839	340.15	285.06	372.79	289.295674898748	242.778185333443	316.205445936226	27.5377246684356	25.5414381820316	23.9696468843586	113	118	829	1060
OMM1.D28A	860.130359268899	1755.39783779332	3389.83095872284	178.41	267.13	324.73	143.340726883403	230.248390274879	272.694456311607	16.0049968504633	12.0133833002247	19.1030159076715	113	118	829	1060
OMM1.D28B	789.152292582726	1680.28720157775	3319.65367010154	184.15	270.17	327.86	151.890372328286	230.911102917102	277.788878096632	14.2438155434993	21.7005481850008	20.1439926264688	113	118	829	1060
OMM1.D28C	828.45470604094	1903.15419734771	3331.28032799238	183.82	269.7	327.31	147.923765775815	228.894089702195	276.921472320679	13.7775996137607	18.8945932938128	16.3113283295401	113	118	829	1060
OMM1.D35A	880.09232580758	1813.43773156041	3552.81483814582	169.05	267.48	321.94	132.722365282403	229.778261463415	269.947256333431	11.6563376700971	11.3823083217322	13.0371915957409	113	118	829	1060
OMM1.D35B	826.388793182997	1676.0363951043	3335.47659605423	174.75	271.41	325.64	142.007880345424	230.338791006826	273.32695367886	13.9479846150794	14.8716026041188	15.1360588098321	113	118	829	1060
OMM1.D35C	829.388413902498	1874.32625547048	3250.28222339694	175.28	271.21	326.23	137.403404651481	232.247268644062	277.685986149207	13.7956474147015	15.8349381902405	17.9397526842209	113	118	829	1060
