sample	NNMD	Essential.Glass.Delta	max_essential	max_nonessential	max_unknown	mean_essential	mean_nonessential	mean_unknown	median_essential	median_nonessential	median_unknown	min_essential	min_nonessential	min_unknown	n_genes_essential	n_genes_nonessential	n_genes_unknown	total_genes
OMM1.D28A	-10.400	3.569	-0.262035475222949	0.114850189028515	0.421319285336699	-1.07	-0.11	-0.25	-1.01654105279013	-0.102023149805924	-0.159116690616027	-1.92420124437274	-0.354753031778501	-1.81814820149064	113	118	829	1060
OMM1.D28B	-12.505	3.480	-0.201868211503582	0.125111766699937	0.364172738419253	-0.99	-0.08	-0.22	-0.98967929996013	-0.0757646905373759	-0.136073730896491	-1.69365449147227	-0.293494691314447	-1.41692593041097	113	118	829	1060
OMM1.D28C	-11.699	3.404	-0.194681302097288	0.0706824932918017	0.420527607545553	-1.01	-0.09	-0.23	-1.01159280892756	-0.0906942901435004	-0.143991776492759	-1.80432777190857	-0.387472621971249	-1.70822649998178	113	118	829	1060
OMM1.D35A	-9.964	3.781	-0.308153642932845	0.140949623898667	0.503907061170527	-1.17	-0.12	-0.28	-1.12290456385208	-0.110342205428712	-0.177793211973255	-2.04497914792858	-0.403757720904302	-1.82150546321579	113	118	829	1060
OMM1.D35B	-11.309	3.509	-0.224940832944036	0.171863698783963	0.43218029090366	-1.09	-0.09	-0.25	-1.08853460818906	-0.0775289722124328	-0.148576609526513	-1.92547889219032	-0.349354263049049	-1.46884438283887	113	118	829	1060
OMM1.D35C	-10.466	3.436	-0.270477328641105	0.173503576120412	0.508349583310017	-1.1	-0.09	-0.24	-1.09282907506501	-0.0805978221243214	-0.140480808043683	-1.80944354453483	-0.372476287364283	-1.77355923710926	113	118	829	1060
