sample	n	total	mean	median	min	max
control_mean	8592	3089523.99090013	359.58147007683	304.507213991716	23.9696468843586	3529.73986215839
OMM1.D28A	8592	2602706.7472405	302.922107453503	254.268776052701	12.0133833002247	3389.83095872284
OMM1.D28B	8592	2631864.45119049	306.31569497096	259.445563244396	14.2438155434993	3319.65367010154
OMM1.D28C	8592	2627370.77709709	305.792688209624	258.296243084122	13.7775996137607	3331.28032799238
OMM1.D35A	8592	2575803.03055856	299.790855511936	249.063004828319	11.3823083217322	3552.81483814582
OMM1.D35B	8592	2609608.90093124	303.725430741532	254.638974931891	13.9479846150794	3335.47659605423
OMM1.D35C	8592	2613863.56780125	304.2206200886	258.624515107033	13.7956474147015	3250.28222339694
