sample	NNMD	Essential.Glass.Delta	max_essential	max_nonessential	max_unknown	mean_essential	mean_nonessential	mean_unknown	median_essential	median_nonessential	median_unknown	min_essential	min_nonessential	min_unknown	n_genes_essential	n_genes_nonessential	n_genes_unknown	total_genes
OMM23.D28A	-16.649	3.586	-0.246136745754301	-0.0520846545920938	-0.00890727472260218	-1.04	-0.14	-0.24	-1.02955647811082	-0.127975066392088	-0.157741537043221	-1.89516652519546	-0.390445244340744	-1.62559183918325	113	118	829	1060
OMM23.D28B	-13.837	3.542	-0.233357140145955	-0.029638990489064	0	-0.99	-0.12	-0.22	-0.986731058789334	-0.108492536606794	-0.142564433890006	-1.75563544217222	-0.368275061471871	-1.52085620396392	113	118	829	1060
OMM23.D28C	-16.030	3.692	-0.206006174791814	-0.0505035667452504	0	-1.01	-0.14	-0.23	-1.0142922406747	-0.134355795325121	-0.157139629949269	-1.74007616351404	-0.320079294976039	-1.64061148227764	113	118	829	1060
OMM23.D35A	-15.737	3.524	-0.251103506254175	-0.032417603037343	0	-1.1	-0.13	-0.24	-1.11770084339123	-0.125192366381598	-0.153677923797588	-1.98057032041859	-0.349914821568302	-1.45645794139574	113	118	829	1060
OMM23.D35B	-12.755	3.469	-0.241247970790831	-0.0172972445991916	0	-1.08	-0.14	-0.25	-1.09837871839682	-0.117680443619521	-0.153261251115707	-2.07281353375916	-0.410874329801341	-1.48358456059148	113	118	829	1060
OMM23.D35C	-14.170	3.664	-0.222089674477418	-0.0391919292742943	0	-1.06	-0.15	-0.25	-1.05236052977333	-0.148658696129828	-0.163783758107948	-1.87869975739756	-0.383628686905712	-1.69077299618823	113	118	829	1060
