sample	n	total	mean	median	min	max
control_mean	8592	3089523.99090013	359.58147007683	304.507213991716	23.9696468843586	3529.73986215839
OMM23.D28A	8592	2584641.28304258	300.819516182796	254.245549710741	12.2232845535617	3466.60802812006
OMM23.D28B	8592	2585752.98073521	300.948903716854	258.03368977261	15.1398831328408	3287.03769152368
OMM23.D28C	8592	2590355.75443431	301.484608290772	253.91910868565	14.3413753573367	3349.56706902937
OMM23.D35A	8592	2569990.81315771	299.114387006251	254.008627584942	14.1409846175941	3529.73986215839
OMM23.D35B	8592	2575638.06790747	299.771655948262	253.260624979502	11.4860434980228	3307.07096959046
OMM23.D35C	8592	2573317.58739568	299.501581400801	250.675779985635	12.8565009725308	3325.33383567139
