sample	total_counts	total_sgrnas	zero_sgrnas	pct_zero_sgrnas	low_sgrnas	pct_low_sgrnas	gini_index
control_mean	3309583.6496989	8592	0	0	1	0.01	0.04
Mel270.D28A	4020551.15028754	8592	0	0	173	2.01	0.07
Mel270.D28B	3999906.98637232	8592	0	0	187	2.18	0.07
Mel270.D28C	4020147.41115769	8592	0	0	188	2.19	0.07
Mel270.D35A	4035165.60625436	8592	0	0	212	2.47	0.08
Mel270.D35B	4051010.79307301	8592	0	0	224	2.61	0.08
Mel270.D35C	4032892.64300302	8592	0	0	238	2.77	0.08
