thresholds	specificity	sensitivity	ppv
0.2013125	0.991525423728814	0.247787610619469	0.96551724137931
