sample	total_counts	total_sgrnas	zero_sgrnas	pct_zero_sgrnas	low_sgrnas	pct_low_sgrnas	gini_index
control_mean	1631919.8435102	4261	0	0	0	0	0.04
Mel285.D28A	1542694.94528145	4261	0	0	0	0	0.05
Mel285.D28B	1538934.29617285	4261	0	0	1	0.02	0.05
Mel285.D28C	1533856.9947935	4261	0	0	0	0	0.05
Mel285.D49A	994847.540930693	4261	0	0	5	0.12	0.06
Mel285.D49B	883175.698535588	4261	0	0	3	0.07	0.05
Mel285.D49C	912631.346517281	4261	0	0	3	0.07	0.06
