sample	max_essential	max_nonessential	max_unknown	mean_essential	mean_nonessential	mean_unknown	median_essential	median_nonessential	median_unknown	min_essential	min_nonessential	min_unknown	n_genes_essential	n_genes_nonessential	n_genes_unknown	total_genes
control_mean	1020.93871358102	896.571281666169	3720.10122073172	357.12	288.57	396.55	338.093541047262	269.911296797664	366.319591591757	51.049340481628	41.327379674078	35.6088344543756	113	118	829	1060
Mel202.D28A	1279.80765056517	1759.76327280452	5580.29802194567	242.22	469.93	557.77	169.728208054075	429.476114774744	508.350937298845	2.44646050077211	37.7653164281954	3.23337649439507	113	118	829	1060
Mel202.D28B	1175.19534819598	1615.04540067838	5681.33490651593	287.8	456.58	560.34	244.411154147824	407.953450092711	515.153399990717	3.80274481566735	24.6965641474657	4.45463605350323	113	118	829	1060
Mel202.D28C	1098.61468768151	1541.39042312543	4922.3216346254	287.86	444.58	557.1	258.370052663976	414.612871557075	518.903516707948	3.41461056405857	40.5862401884078	5.76141213900577	113	118	829	1060
