sample	n	total	mean	median	min	max
Mel202.D28A	1060	227.003789896961	0.214154518770718	0.477199412996976	-4.58028375643191	1.94319322502861
Mel202.D28B	1060	315.720005662622	0.297849061945869	0.485593611561504	-3.59083649974019	1.67341313556168
Mel202.D28C	1060	308.77508656496	0.291297251476377	0.451803236037619	-3.40677685083039	1.48083157283071
