thresholds	specificity	sensitivity	ppv
-1.01816666666667	0.957627118644068	0.929203539823009	0.954545454545455
