sample	total_counts	total_sgrnas	zero_sgrnas	pct_zero_sgrnas	low_sgrnas	pct_low_sgrnas	gini_index
control_mean	1649615.8737502	4335	0	0	0	0	0.04
Mel270.D28A	1391883.80015698	4335	0	0	8	0.18	0.05
Mel270.D28B	1393344.37503506	4335	0	0	9	0.21	0.05
Mel270.D28C	1400292.87023833	4335	0	0	5	0.12	0.05
Mel270.D35A	1381383.75132492	4335	0	0	14	0.32	0.05
Mel270.D35B	1381729.70398795	4335	0	0	10	0.23	0.05
Mel270.D35C	1386160.74494081	4335	0	0	6	0.14	0.05
