sample	total_counts	total_sgrnas	zero_sgrnas	pct_zero_sgrnas	low_sgrnas	pct_low_sgrnas	gini_index
control_mean	1649615.8737502	4335	0	0	0	0	0.04
MP46.D28A	1506295.13966835	4335	0	0	17	0.39	0.05
MP46.D28B	1509992.88571617	4335	0	0	21	0.48	0.05
MP46.D28C	1491427.05121902	4335	0	0	35	0.81	0.06
MP46.D64A	959216.239464687	4335	0	0	575	13.26	0.14
MP46.D64B	961512.935719777	4335	0	0	568	13.1	0.14
MP46.D64C	942753.385716465	4335	0	0	620	14.3	0.14
