sample	NNMD	Essential.Glass.Delta	max_essential	max_nonessential	max_unknown	mean_essential	mean_nonessential	mean_unknown	median_essential	median_nonessential	median_unknown	min_essential	min_nonessential	min_unknown	n_genes_essential	n_genes_nonessential	n_genes_unknown	total_genes
OMM23.D28A	-15.150	3.515	-0.246136745754301	-0.0122425450450309	0.284488152290753	-1.04	-0.12	-0.23	-1.02955647811082	-0.107869659900471	-0.151086674667345	-1.89516652519546	-0.390445244340744	-1.62559183918325	113	118	829	1060
OMM23.D28B	-12.109	3.421	-0.222963461762493	0.0636222048310497	0.377907667849233	-0.99	-0.1	-0.2	-0.977138048099982	-0.0830009673773382	-0.127140506205037	-1.75563544217222	-0.360453743852266	-1.52085620396392	113	118	829	1060
OMM23.D28C	-14.401	3.598	-0.177462014406184	-0.0154876735777158	0.288811536837618	-1	-0.13	-0.22	-1.01034483244538	-0.119718633995392	-0.147177266449887	-1.74007616351404	-0.320079294976039	-1.64061148227764	113	118	829	1060
OMM23.D35A	-13.493	3.382	-0.183700194423762	0.0544918465330615	0.379956495069838	-1.1	-0.1	-0.22	-1.10630563779192	-0.100821825451017	-0.135679973865225	-1.98057032041859	-0.3233019725844	-1.45645794139574	113	118	829	1060
OMM23.D35B	-11.184	3.367	-0.227321195513949	0.0673587661678157	0.47246165173194	-1.08	-0.11	-0.23	-1.09146017510603	-0.0926244343517378	-0.139583202432728	-2.07281353375916	-0.408538036497537	-1.48358456059148	113	118	829	1060
OMM23.D35C	-12.917	3.549	-0.208212219114	0.0199242960979395	0.418582705107376	-1.06	-0.13	-0.24	-1.05236052977333	-0.126769568897692	-0.151338720525841	-1.87869975739756	-0.383628686905712	-1.69077299618823	113	118	829	1060
