sample	n	total	mean	median	min	max
control_mean	8592	3089523.99090013	359.58147007683	304.507213991716	23.9696468843586	3529.73986215839
OMM23.D28A	8592	2601944.03250773	302.833337116822	255.903880756734	12.2232845535617	3466.60802812006
OMM23.D28B	8592	2610146.10562068	303.787954564791	261.254678644616	15.1398831328408	3287.03769152368
OMM23.D28C	8592	2607323.02467435	303.459383691149	255.321191827762	14.3413753573367	3349.56706902937
OMM23.D35A	8592	2603200.80531316	302.979609556932	258.145924488507	14.1409846175941	3583.18796008705
OMM23.D35B	8592	2606190.02519723	303.327516899119	256.249522306722	11.4860434980228	3307.07096959046
OMM23.D35C	8592	2601386.80711515	302.768483137239	252.724465110695	12.8565009725308	3325.33383567139
