sample	total_counts	total_sgrnas	zero_sgrnas	pct_zero_sgrnas	low_sgrnas	pct_low_sgrnas	gini_index
control_mean	3089523.99090013	8592	0	0	7	0.08	0.06
OMM1.D28A	2561477.91005198	8592	0	0	34	0.4	0.07
OMM1.D28B	2599112.58326268	8592	0	0	24	0.28	0.07
OMM1.D28C	2590304.18853176	8592	0	0	33	0.38	0.07
OMM1.D35A	2513319.28741012	8592	0	0	35	0.41	0.07
OMM1.D35B	2559187.47387792	8592	0	0	31	0.36	0.07
OMM1.D35C	2554744.40953859	8592	0	0	36	0.42	0.07
