sample	total_counts	total_sgrnas	zero_sgrnas	pct_zero_sgrnas	low_sgrnas	pct_low_sgrnas	gini_index
control_mean	1631919.8435102	4261	0	0	0	0	0.04
Mel270.D28A	2141410.14695178	4261	0	0	10	0.23	0.05
Mel270.D28B	2138581.40061769	4261	0	0	16	0.38	0.05
Mel270.D28C	2156527.35282056	4261	0	0	7	0.16	0.05
Mel270.D35A	2178058.09817171	4261	0	0	15	0.35	0.06
Mel270.D35B	2152708.97273108	4261	0	0	13	0.31	0.06
Mel270.D35C	2173420.03697911	4261	0	0	14	0.33	0.06
